file,line,type,commit,author,date,time,timezone,datetime,depth,length
style.css,1,css,70793f48,Jack Kalsched,2025-10-18,23:08:47,-07:00,2025-10-18T23:08:47-07:00,0,40
style.css,2,css,48e2d00c,Jack Kalsched,2025-10-18,21:38:56,-07:00,2025-10-18T21:38:56-07:00,0,4
style.css,3,css,48e2d00c,Jack Kalsched,2025-10-18,21:38:56,-07:00,2025-10-18T21:38:56-07:00,1,45
style.css,4,css,ed4d897d,Jack Kalsched,2025-10-18,22:27:32,-07:00,2025-10-18T22:27:32-07:00,1,23
style.css,5,css,70793f48,Jack Kalsched,2025-10-18,23:08:47,-07:00,2025-10-18T23:08:47-07:00,1,21
style.css,6,css,48e2d00c,Jack Kalsched,2025-10-18,21:38:56,-07:00,2025-10-18T21:38:56-07:00,0,0
style.css,7,css,48e2d00c,Jack Kalsched,2025-10-18,21:38:56,-07:00,2025-10-18T21:38:56-07:00,0,0
style.css,8,css,12e8fb7c,Jack Kalsched,2025-10-01,18:55:51,-07:00,2025-10-01T18:55:51-07:00,0,4
style.css,9,css,1c2459d5,Jack Kalsched,2025-10-18,21:58:36,-07:00,2025-10-18T21:58:36-07:00,1,23
style.css,10,css,1c2459d5,Jack Kalsched,2025-10-18,21:58:36,-07:00,2025-10-18T21:58:36-07:00,1,16
style.css,11,css,1c2459d5,Jack Kalsched,2025-10-18,21:58:36,-07:00,2025-10-18T21:58:36-07:00,1,15
style.css,12,css,70793f48,Jack Kalsched,2025-10-18,23:08:47,-07:00,2025-10-18T23:08:47-07:00,1,61
style.css,13,css,70793f48,Jack Kalsched,2025-10-18,23:08:47,-07:00,2025-10-18T23:08:47-07:00,1,12
style.css,14,css,70793f48,Jack Kalsched,2025-10-18,23:08:47,-07:00,2025-10-18T23:08:47-07:00,1,62
style.css,15,css,70793f48,Jack Kalsched,2025-10-18,23:08:47,-07:00,2025-10-18T23:08:47-07:00,1,14
style.css,16,css,70793f48,Jack Kalsched,2025-10-18,23:08:47,-07:00,2025-10-18T23:08:47-07:00,1,15
style.css,17,css,48e2d00c,Jack Kalsched,2025-10-18,21:38:56,-07:00,2025-10-18T21:38:56-07:00,0,0
style.css,18,css,48e2d00c,Jack Kalsched,2025-10-18,21:38:56,-07:00,2025-10-18T21:38:56-07:00,0,0
style.css,19,css,70793f48,Jack Kalsched,2025-10-18,23:08:47,-07:00,2025-10-18T23:08:47-07:00,0,36
style.css,20,css,48e2d00c,Jack Kalsched,2025-10-18,21:38:56,-07:00,2025-10-18T21:38:56-07:00,0,3
style.css,21,css,48e2d00c,Jack Kalsched,2025-10-18,21:38:56,-07:00,2025-10-18T21:38:56-07:00,1,12
style.css,22,css,70793f48,Jack Kalsched,2025-10-18,23:08:47,-07:00,2025-10-18T23:08:47-07:00,1,22
style.css,23,css,df9619c4,Jack Kalsched,2025-10-18,23:01:35,-07:00,2025-10-18T23:01:35-07:00,1,7
style.css,24,css,df9619c4,Jack Kalsched,2025-10-18,23:01:35,-07:00,2025-10-18T23:01:35-07:00,1,18
style.css,25,css,df9619c4,Jack Kalsched,2025-10-18,23:01:35,-07:00,2025-10-18T23:01:35-07:00,1,41
style.css,26,css,48e2d00c,Jack Kalsched,2025-10-18,21:38:56,-07:00,2025-10-18T21:38:56-07:00,0,0
style.css,27,css,48e2d00c,Jack Kalsched,2025-10-18,21:38:56,-07:00,2025-10-18T21:38:56-07:00,0,0
style.css,28,css,48e2d00c,Jack Kalsched,2025-10-18,21:38:56,-07:00,2025-10-18T21:38:56-07:00,0,5
style.css,29,css,70793f48,Jack Kalsched,2025-10-18,23:08:47,-07:00,2025-10-18T23:08:47-07:00,1,6
style.css,30,css,70793f48,Jack Kalsched,2025-10-18,23:08:47,-07:00,2025-10-18T23:08:47-07:00,1,17
style.css,31,css,48e2d00c,Jack Kalsched,2025-10-18,21:38:56,-07:00,2025-10-18T21:38:56-07:00,1,20
style.css,32,css,48e2d00c,Jack Kalsched,2025-10-18,21:38:56,-07:00,2025-10-18T21:38:56-07:00,1,13
style.css,33,css,48e2d00c,Jack Kalsched,2025-10-18,21:38:56,-07:00,2025-10-18T21:38:56-07:00,1,13
style.css,34,css,48e2d00c,Jack Kalsched,2025-10-18,21:38:56,-07:00,2025-10-18T21:38:56-07:00,0,0
style.css,35,css,48e2d00c,Jack Kalsched,2025-10-18,21:38:56,-07:00,2025-10-18T21:38:56-07:00,0,0
style.css,36,css,48e2d00c,Jack Kalsched,2025-10-18,21:38:56,-07:00,2025-10-18T21:38:56-07:00,0,13
style.css,37,css,48e2d00c,Jack Kalsched,2025-10-18,21:38:56,-07:00,2025-10-18T21:38:56-07:00,1,16
style.css,38,css,70793f48,Jack Kalsched,2025-10-18,23:08:47,-07:00,2025-10-18T23:08:47-07:00,1,41
style.css,39,css,48e2d00c,Jack Kalsched,2025-10-18,21:38:56,-07:00,2025-10-18T21:38:56-07:00,1,20
style.css,40,css,48e2d00c,Jack Kalsched,2025-10-18,21:38:56,-07:00,2025-10-18T21:38:56-07:00,0,0
style.css,41,css,48e2d00c,Jack Kalsched,2025-10-18,21:38:56,-07:00,2025-10-18T21:38:56-07:00,0,0
style.css,42,css,48e2d00c,Jack Kalsched,2025-10-18,21:38:56,-07:00,2025-10-18T21:38:56-07:00,0,11
style.css,43,css,70793f48,Jack Kalsched,2025-10-18,23:08:47,-07:00,2025-10-18T23:08:47-07:00,1,43
style.css,44,css,48e2d00c,Jack Kalsched,2025-10-18,21:38:56,-07:00,2025-10-18T21:38:56-07:00,1,20
style.css,45,css,70793f48,Jack Kalsched,2025-10-18,23:08:47,-07:00,2025-10-18T23:08:47-07:00,1,57
style.css,46,css,48e2d00c,Jack Kalsched,2025-10-18,21:38:56,-07:00,2025-10-18T21:38:56-07:00,0,0
style.css,47,css,48e2d00c,Jack Kalsched,2025-10-18,21:38:56,-07:00,2025-10-18T21:38:56-07:00,0,0
style.css,48,css,70793f48,Jack Kalsched,2025-10-18,23:08:47,-07:00,2025-10-18T23:08:47-07:00,0,42
style.css,49,css,70793f48,Jack Kalsched,2025-10-18,23:08:47,-07:00,2025-10-18T23:08:47-07:00,0,13
style.css,50,css,70793f48,Jack Kalsched,2025-10-18,23:08:47,-07:00,2025-10-18T23:08:47-07:00,1,17
style.css,51,css,70793f48,Jack Kalsched,2025-10-18,23:08:47,-07:00,2025-10-18T23:08:47-07:00,1,8
style.css,52,css,70793f48,Jack Kalsched,2025-10-18,23:08:47,-07:00,2025-10-18T23:08:47-07:00,1,10
style.css,53,css,70793f48,Jack Kalsched,2025-10-18,23:08:47,-07:00,2025-10-18T23:08:47-07:00,1,16
style.css,54,css,70793f48,Jack Kalsched,2025-10-18,23:08:47,-07:00,2025-10-18T23:08:47-07:00,1,19
style.css,55,css,70793f48,Jack Kalsched,2025-10-18,23:08:47,-07:00,2025-10-18T23:08:47-07:00,0,0
style.css,56,css,70793f48,Jack Kalsched,2025-10-18,23:08:47,-07:00,2025-10-18T23:08:47-07:00,0,0
style.css,57,css,70793f48,Jack Kalsched,2025-10-18,23:08:47,-07:00,2025-10-18T23:08:47-07:00,0,34
style.css,58,css,48e2d00c,Jack Kalsched,2025-10-18,21:38:56,-07:00,2025-10-18T21:38:56-07:00,0,22
style.css,59,css,48e2d00c,Jack Kalsched,2025-10-18,21:38:56,-07:00,2025-10-18T21:38:56-07:00,1,15
style.css,60,css,70793f48,Jack Kalsched,2025-10-18,23:08:47,-07:00,2025-10-18T23:08:47-07:00,1,15
style.css,61,css,48e2d00c,Jack Kalsched,2025-10-18,21:38:56,-07:00,2025-10-18T21:38:56-07:00,1,18
style.css,62,css,48e2d00c,Jack Kalsched,2025-10-18,21:38:56,-07:00,2025-10-18T21:38:56-07:00,0,0
style.css,63,css,48e2d00c,Jack Kalsched,2025-10-18,21:38:56,-07:00,2025-10-18T21:38:56-07:00,0,0
style.css,64,css,70793f48,Jack Kalsched,2025-10-18,23:08:47,-07:00,2025-10-18T23:08:47-07:00,0,62
style.css,65,css,70793f48,Jack Kalsched,2025-10-18,23:08:47,-07:00,2025-10-18T23:08:47-07:00,0,44
style.css,66,css,70793f48,Jack Kalsched,2025-10-18,23:08:47,-07:00,2025-10-18T23:08:47-07:00,0,23
style.css,67,css,70793f48,Jack Kalsched,2025-10-18,23:08:47,-07:00,2025-10-18T23:08:47-07:00,0,23
style.css,68,css,70793f48,Jack Kalsched,2025-10-18,23:08:47,-07:00,2025-10-18T23:08:47-07:00,0,0
style.css,69,css,70793f48,Jack Kalsched,2025-10-18,23:08:47,-07:00,2025-10-18T23:08:47-07:00,0,39
style.css,70,css,d67e7727,Jack Kalsched,2025-10-31,11:24:38,-07:00,2025-10-31T11:24:38-07:00,0,7
style.css,71,css,75dff8f5,Jack Kalsched,2025-10-31,15:27:01,-07:00,2025-10-31T15:27:01-07:00,1,12
style.css,72,css,75dff8f5,Jack Kalsched,2025-10-31,15:27:01,-07:00,2025-10-31T15:27:01-07:00,1,57
style.css,73,css,d67e7727,Jack Kalsched,2025-10-31,11:24:38,-07:00,2025-10-31T11:24:38-07:00,1,15
style.css,74,css,75dff8f5,Jack Kalsched,2025-10-31,15:27:01,-07:00,2025-10-31T15:27:01-07:00,1,9
style.css,75,css,f028a853,Jack Kalsched,2025-10-31,15:22:24,-07:00,2025-10-31T15:22:24-07:00,1,15
style.css,76,css,75dff8f5,Jack Kalsched,2025-10-31,15:27:01,-07:00,2025-10-31T15:27:01-07:00,1,14
style.css,77,css,75dff8f5,Jack Kalsched,2025-10-31,15:27:01,-07:00,2025-10-31T15:27:01-07:00,1,7
style.css,78,css,f028a853,Jack Kalsched,2025-10-31,15:22:24,-07:00,2025-10-31T15:22:24-07:00,0,0
style.css,79,css,f028a853,Jack Kalsched,2025-10-31,15:22:24,-07:00,2025-10-31T15:22:24-07:00,0,0
style.css,80,css,75dff8f5,Jack Kalsched,2025-10-31,15:27:01,-07:00,2025-10-31T15:27:01-07:00,0,0
style.css,81,css,75dff8f5,Jack Kalsched,2025-10-31,15:27:01,-07:00,2025-10-31T15:27:01-07:00,0,12
style.css,82,css,a1159070,Jack Kalsched,2025-10-31,15:33:02,-07:00,2025-10-31T15:33:02-07:00,1,12
style.css,83,css,a1159070,Jack Kalsched,2025-10-31,15:33:02,-07:00,2025-10-31T15:33:02-07:00,1,6
style.css,84,css,f028a853,Jack Kalsched,2025-10-31,15:22:24,-07:00,2025-10-31T15:22:24-07:00,1,18
style.css,85,css,75dff8f5,Jack Kalsched,2025-10-31,15:27:01,-07:00,2025-10-31T15:27:01-07:00,1,9
style.css,86,css,f028a853,Jack Kalsched,2025-10-31,15:22:24,-07:00,2025-10-31T15:22:24-07:00,1,17
style.css,87,css,f028a853,Jack Kalsched,2025-10-31,15:22:24,-07:00,2025-10-31T15:22:24-07:00,0,0
style.css,88,css,f028a853,Jack Kalsched,2025-10-31,15:22:24,-07:00,2025-10-31T15:22:24-07:00,0,0
style.css,89,css,75dff8f5,Jack Kalsched,2025-10-31,15:27:01,-07:00,2025-10-31T15:27:01-07:00,0,0
style.css,90,css,f028a853,Jack Kalsched,2025-10-31,15:22:24,-07:00,2025-10-31T15:22:24-07:00,0,15
style.css,91,css,75dff8f5,Jack Kalsched,2025-10-31,15:27:01,-07:00,2025-10-31T15:27:01-07:00,1,20
style.css,92,css,f028a853,Jack Kalsched,2025-10-31,15:22:24,-07:00,2025-10-31T15:22:24-07:00,1,9
style.css,93,css,75dff8f5,Jack Kalsched,2025-10-31,15:27:01,-07:00,2025-10-31T15:27:01-07:00,1,18
style.css,94,css,f028a853,Jack Kalsched,2025-10-31,15:22:24,-07:00,2025-10-31T15:22:24-07:00,1,29
style.css,95,css,75dff8f5,Jack Kalsched,2025-10-31,15:27:01,-07:00,2025-10-31T15:27:01-07:00,1,20
style.css,96,css,75dff8f5,Jack Kalsched,2025-10-31,15:27:01,-07:00,2025-10-31T15:27:01-07:00,1,40
style.css,97,css,d67e7727,Jack Kalsched,2025-10-31,11:24:38,-07:00,2025-10-31T11:24:38-07:00,0,0
style.css,98,css,d67e7727,Jack Kalsched,2025-10-31,11:24:38,-07:00,2025-10-31T11:24:38-07:00,0,0
style.css,99,css,f028a853,Jack Kalsched,2025-10-31,15:22:24,-07:00,2025-10-31T15:22:24-07:00,0,0
style.css,100,css,75dff8f5,Jack Kalsched,2025-10-31,15:27:01,-07:00,2025-10-31T15:27:01-07:00,0,0
style.css,101,css,70793f48,Jack Kalsched,2025-10-18,23:08:47,-07:00,2025-10-18T23:08:47-07:00,0,9
style.css,102,css,70793f48,Jack Kalsched,2025-10-18,23:08:47,-07:00,2025-10-18T23:08:47-07:00,1,12
style.css,103,css,70793f48,Jack Kalsched,2025-10-18,23:08:47,-07:00,2025-10-18T23:08:47-07:00,1,58
style.css,104,css,70793f48,Jack Kalsched,2025-10-18,23:08:47,-07:00,2025-10-18T23:08:47-07:00,1,7
style.css,105,css,70793f48,Jack Kalsched,2025-10-18,23:08:47,-07:00,2025-10-18T23:08:47-07:00,1,13
style.css,106,css,70793f48,Jack Kalsched,2025-10-18,23:08:47,-07:00,2025-10-18T23:08:47-07:00,1,14
style.css,107,css,48e2d00c,Jack Kalsched,2025-10-18,21:38:56,-07:00,2025-10-18T21:38:56-07:00,0,0
style.css,108,css,48e2d00c,Jack Kalsched,2025-10-18,21:38:56,-07:00,2025-10-18T21:38:56-07:00,0,0
style.css,109,css,e7e59854,Jack Kalsched,2025-10-31,10:32:39,-07:00,2025-10-31T10:32:39-07:00,0,17
style.css,110,css,e7e59854,Jack Kalsched,2025-10-31,10:32:39,-07:00,2025-10-31T10:32:39-07:00,1,34
style.css,111,css,e7e59854,Jack Kalsched,2025-10-31,10:32:39,-07:00,2025-10-31T10:32:39-07:00,1,20
style.css,112,css,e7e59854,Jack Kalsched,2025-10-31,10:32:39,-07:00,2025-10-31T10:32:39-07:00,1,12
style.css,113,css,e7e59854,Jack Kalsched,2025-10-31,10:32:39,-07:00,2025-10-31T10:32:39-07:00,1,40
style.css,114,css,e7e59854,Jack Kalsched,2025-10-31,10:32:39,-07:00,2025-10-31T10:32:39-07:00,0,0
style.css,115,css,e7e59854,Jack Kalsched,2025-10-31,10:32:39,-07:00,2025-10-31T10:32:39-07:00,0,0
style.css,116,css,17cfc3ce,Jack Kalsched,2025-10-31,10:22:04,-07:00,2025-10-31T10:22:04-07:00,0,13
style.css,117,css,17cfc3ce,Jack Kalsched,2025-10-31,10:22:04,-07:00,2025-10-31T10:22:04-07:00,1,12
style.css,118,css,17cfc3ce,Jack Kalsched,2025-10-31,10:22:04,-07:00,2025-10-31T10:22:04-07:00,1,21
style.css,119,css,17cfc3ce,Jack Kalsched,2025-10-31,10:22:04,-07:00,2025-10-31T10:22:04-07:00,1,11
style.css,120,css,17cfc3ce,Jack Kalsched,2025-10-31,10:22:04,-07:00,2025-10-31T10:22:04-07:00,0,0
style.css,121,css,17cfc3ce,Jack Kalsched,2025-10-31,10:22:04,-07:00,2025-10-31T10:22:04-07:00,0,0
style.css,122,css,17cfc3ce,Jack Kalsched,2025-10-31,10:22:04,-07:00,2025-10-31T10:22:04-07:00,0,13
style.css,123,css,17cfc3ce,Jack Kalsched,2025-10-31,10:22:04,-07:00,2025-10-31T10:22:04-07:00,1,16
style.css,124,css,17cfc3ce,Jack Kalsched,2025-10-31,10:22:04,-07:00,2025-10-31T10:22:04-07:00,1,10
style.css,125,css,17cfc3ce,Jack Kalsched,2025-10-31,10:22:04,-07:00,2025-10-31T10:22:04-07:00,1,17
style.css,126,css,17cfc3ce,Jack Kalsched,2025-10-31,10:22:04,-07:00,2025-10-31T10:22:04-07:00,0,0
style.css,127,css,17cfc3ce,Jack Kalsched,2025-10-31,10:22:04,-07:00,2025-10-31T10:22:04-07:00,0,0
style.css,128,css,70793f48,Jack Kalsched,2025-10-18,23:08:47,-07:00,2025-10-18T23:08:47-07:00,0,31
style.css,129,css,70793f48,Jack Kalsched,2025-10-18,23:08:47,-07:00,2025-10-18T23:08:47-07:00,0,4
style.css,130,css,70793f48,Jack Kalsched,2025-10-18,23:08:47,-07:00,2025-10-18T23:08:47-07:00,1,12
style.css,131,css,70793f48,Jack Kalsched,2025-10-18,23:08:47,-07:00,2025-10-18T23:08:47-07:00,1,30
style.css,132,css,70793f48,Jack Kalsched,2025-10-18,23:08:47,-07:00,2025-10-18T23:08:47-07:00,1,10
style.css,133,css,48e2d00c,Jack Kalsched,2025-10-18,21:38:56,-07:00,2025-10-18T21:38:56-07:00,0,0
style.css,134,css,48e2d00c,Jack Kalsched,2025-10-18,21:38:56,-07:00,2025-10-18T21:38:56-07:00,0,0
style.css,135,css,70793f48,Jack Kalsched,2025-10-18,23:08:47,-07:00,2025-10-18T23:08:47-07:00,0,5
style.css,136,css,70793f48,Jack Kalsched,2025-10-18,23:08:47,-07:00,2025-10-18T23:08:47-07:00,1,12
style.css,137,css,70793f48,Jack Kalsched,2025-10-18,23:08:47,-07:00,2025-10-18T23:08:47-07:00,1,18
style.css,138,css,70793f48,Jack Kalsched,2025-10-18,23:08:47,-07:00,2025-10-18T23:08:47-07:00,0,0
style.css,139,css,48e2d00c,Jack Kalsched,2025-10-18,21:38:56,-07:00,2025-10-18T21:38:56-07:00,0,0
style.css,140,css,70793f48,Jack Kalsched,2025-10-18,23:08:47,-07:00,2025-10-18T23:08:47-07:00,0,31
style.css,141,css,70793f48,Jack Kalsched,2025-10-18,23:08:47,-07:00,2025-10-18T23:08:47-07:00,1,12
style.css,142,css,70793f48,Jack Kalsched,2025-10-18,23:08:47,-07:00,2025-10-18T23:08:47-07:00,1,10
style.css,143,css,70793f48,Jack Kalsched,2025-10-18,23:08:47,-07:00,2025-10-18T23:08:47-07:00,1,21
style.css,144,css,70793f48,Jack Kalsched,2025-10-18,23:08:47,-07:00,2025-10-18T23:08:47-07:00,1,16
style.css,145,css,70793f48,Jack Kalsched,2025-10-18,23:08:47,-07:00,2025-10-18T23:08:47-07:00,0,0
style.css,146,css,70793f48,Jack Kalsched,2025-10-18,23:08:47,-07:00,2025-10-18T23:08:47-07:00,0,0
style.css,147,css,70793f48,Jack Kalsched,2025-10-18,23:08:47,-07:00,2025-10-18T23:08:47-07:00,0,32
style.css,148,css,70793f48,Jack Kalsched,2025-10-18,23:08:47,-07:00,2025-10-18T23:08:47-07:00,0,3
style.css,149,css,70793f48,Jack Kalsched,2025-10-18,23:08:47,-07:00,2025-10-18T23:08:47-07:00,1,13
style.css,150,css,70793f48,Jack Kalsched,2025-10-18,23:08:47,-07:00,2025-10-18T23:08:47-07:00,1,16
style.css,151,css,70793f48,Jack Kalsched,2025-10-18,23:08:47,-07:00,2025-10-18T23:08:47-07:00,1,15
style.css,152,css,70793f48,Jack Kalsched,2025-10-18,23:08:47,-07:00,2025-10-18T23:08:47-07:00,1,10
style.css,153,css,70793f48,Jack Kalsched,2025-10-18,23:08:47,-07:00,2025-10-18T23:08:47-07:00,1,11
style.css,154,css,1c2459d5,Jack Kalsched,2025-10-18,21:58:36,-07:00,2025-10-18T21:58:36-07:00,0,0
index.js,1,js,09fa681d,Jack Kalsched,2025-10-25,20:35:11,-07:00,2025-10-25T20:35:11-07:00,0,71
index.js,2,js,09fa681d,Jack Kalsched,2025-10-25,20:35:11,-07:00,2025-10-25T20:35:11-07:00,0,0
index.js,3,js,09fa681d,Jack Kalsched,2025-10-25,20:35:11,-07:00,2025-10-25T20:35:11-07:00,0,29
index.js,4,js,09fa681d,Jack Kalsched,2025-10-25,20:35:11,-07:00,2025-10-25T20:35:11-07:00,1,19
index.js,5,js,09fa681d,Jack Kalsched,2025-10-25,20:35:11,-07:00,2025-10-25T20:35:11-07:00,1,54
index.js,6,js,09fa681d,Jack Kalsched,2025-10-25,20:35:11,-07:00,2025-10-25T20:35:11-07:00,1,42
index.js,7,js,09fa681d,Jack Kalsched,2025-10-25,20:35:11,-07:00,2025-10-25T20:35:11-07:00,0,0
index.js,8,js,09fa681d,Jack Kalsched,2025-10-25,20:35:11,-07:00,2025-10-25T20:35:11-07:00,1,28
index.js,9,js,09fa681d,Jack Kalsched,2025-10-25,20:35:11,-07:00,2025-10-25T20:35:11-07:00,1,60
index.js,10,js,09fa681d,Jack Kalsched,2025-10-25,20:35:11,-07:00,2025-10-25T20:35:11-07:00,1,54
index.js,11,js,09fa681d,Jack Kalsched,2025-10-25,20:35:11,-07:00,2025-10-25T20:35:11-07:00,0,0
index.js,12,js,09fa681d,Jack Kalsched,2025-10-25,20:35:11,-07:00,2025-10-25T20:35:11-07:00,1,30
index.js,13,js,09fa681d,Jack Kalsched,2025-10-25,20:35:11,-07:00,2025-10-25T20:35:11-07:00,1,79
index.js,14,js,09fa681d,Jack Kalsched,2025-10-25,20:35:11,-07:00,2025-10-25T20:35:11-07:00,1,60
index.js,15,js,09fa681d,Jack Kalsched,2025-10-25,20:35:11,-07:00,2025-10-25T20:35:11-07:00,0,0
index.js,16,js,09fa681d,Jack Kalsched,2025-10-25,20:35:11,-07:00,2025-10-25T20:35:11-07:00,1,31
index.js,17,js,09fa681d,Jack Kalsched,2025-10-25,20:35:11,-07:00,2025-10-25T20:35:11-07:00,2,24
index.js,18,js,09fa681d,Jack Kalsched,2025-10-25,20:35:11,-07:00,2025-10-25T20:35:11-07:00,3,27
index.js,19,js,09fa681d,Jack Kalsched,2025-10-25,20:35:11,-07:00,2025-10-25T20:35:11-07:00,3,2
index.js,20,js,09fa681d,Jack Kalsched,2025-10-25,20:35:11,-07:00,2025-10-25T20:35:11-07:00,4,55
index.js,21,js,09fa681d,Jack Kalsched,2025-10-25,20:35:11,-07:00,2025-10-25T20:35:11-07:00,4,55
index.js,22,js,09fa681d,Jack Kalsched,2025-10-25,20:35:11,-07:00,2025-10-25T20:35:11-07:00,4,49
index.js,23,js,09fa681d,Jack Kalsched,2025-10-25,20:35:11,-07:00,2025-10-25T20:35:11-07:00,4,49
index.js,24,js,09fa681d,Jack Kalsched,2025-10-25,20:35:11,-07:00,2025-10-25T20:35:11-07:00,3,3
index.js,25,js,09fa681d,Jack Kalsched,2025-10-25,20:35:11,-07:00,2025-10-25T20:35:11-07:00,2,0
index.js,26,js,09fa681d,Jack Kalsched,2025-10-25,20:35:11,-07:00,2025-10-25T20:35:11-07:00,1,0
index.js,27,js,09fa681d,Jack Kalsched,2025-10-25,20:35:11,-07:00,2025-10-25T20:35:11-07:00,0,0
index.js,28,js,09fa681d,Jack Kalsched,2025-10-25,20:35:11,-07:00,2025-10-25T20:35:11-07:00,0,0
index.js,29,js,09fa681d,Jack Kalsched,2025-10-25,20:35:11,-07:00,2025-10-25T20:35:11-07:00,0,13
index.html,1,html,eb9d9d78,Jack Kalsched,2025-09-29,14:18:30,-07:00,2025-09-29T14:18:30-07:00,0,13
index.html,2,html,1a49fb8d,Jack Kalsched,2025-10-09,21:42:41,-07:00,2025-10-09T21:42:41-07:00,0,92
index.html,3,html,eb9d9d78,Jack Kalsched,2025-09-29,14:18:30,-07:00,2025-09-29T14:18:30-07:00,0,4
index.html,4,html,1a49fb8d,Jack Kalsched,2025-10-09,21:42:41,-07:00,2025-10-09T21:42:41-07:00,1,20
index.html,5,html,1a49fb8d,Jack Kalsched,2025-10-09,21:42:41,-07:00,2025-10-09T21:42:41-07:00,1,68
index.html,6,html,1a49fb8d,Jack Kalsched,2025-10-09,21:42:41,-07:00,2025-10-09T21:42:41-07:00,1,55
index.html,7,html,48e2d00c,Jack Kalsched,2025-10-18,21:38:56,-07:00,2025-10-18T21:38:56-07:00,1,38
index.html,8,html,09fa681d,Jack Kalsched,2025-10-25,20:35:11,-07:00,2025-10-25T20:35:11-07:00,0,0
index.html,9,html,09fa681d,Jack Kalsched,2025-10-25,20:35:11,-07:00,2025-10-25T20:35:11-07:00,1,70
index.html,10,html,f834892a,Jack Kalsched,2025-10-18,22:14:48,-07:00,2025-10-18T22:14:48-07:00,1,45
index.html,11,html,09fa681d,Jack Kalsched,2025-10-25,20:35:11,-07:00,2025-10-25T20:35:11-07:00,0,0
index.html,12,html,09fa681d,Jack Kalsched,2025-10-25,20:35:11,-07:00,2025-10-25T20:35:11-07:00,1,61
index.html,13,html,09fa681d,Jack Kalsched,2025-10-25,20:35:11,-07:00,2025-10-25T20:35:11-07:00,1,50
index.html,14,html,09fa681d,Jack Kalsched,2025-10-25,20:35:11,-07:00,2025-10-25T20:35:11-07:00,0,0
index.html,15,html,1c2459d5,Jack Kalsched,2025-10-18,21:58:36,-07:00,2025-10-18T21:58:36-07:00,1,5
index.html,16,html,1c2459d5,Jack Kalsched,2025-10-18,21:58:36,-07:00,2025-10-18T21:58:36-07:00,2,4
index.html,17,html,1c2459d5,Jack Kalsched,2025-10-18,21:58:36,-07:00,2025-10-18T21:58:36-07:00,3,15
index.html,18,html,1c2459d5,Jack Kalsched,2025-10-18,21:58:36,-07:00,2025-10-18T21:58:36-07:00,3,12
index.html,19,html,1c2459d5,Jack Kalsched,2025-10-18,21:58:36,-07:00,2025-10-18T21:58:36-07:00,3,18
index.html,20,html,1c2459d5,Jack Kalsched,2025-10-18,21:58:36,-07:00,2025-10-18T21:58:36-07:00,2,0
index.html,21,html,1c2459d5,Jack Kalsched,2025-10-18,21:58:36,-07:00,2025-10-18T21:58:36-07:00,0,0
index.html,22,html,1c2459d5,Jack Kalsched,2025-10-18,21:58:36,-07:00,2025-10-18T21:58:36-07:00,2,3
index.html,23,html,1c2459d5,Jack Kalsched,2025-10-18,21:58:36,-07:00,2025-10-18T21:58:36-07:00,3,12
index.html,24,html,1c2459d5,Jack Kalsched,2025-10-18,21:58:36,-07:00,2025-10-18T21:58:36-07:00,3,17
index.html,25,html,1c2459d5,Jack Kalsched,2025-10-18,21:58:36,-07:00,2025-10-18T21:58:36-07:00,3,18
index.html,26,html,1c2459d5,Jack Kalsched,2025-10-18,21:58:36,-07:00,2025-10-18T21:58:36-07:00,3,41
index.html,27,html,1c2459d5,Jack Kalsched,2025-10-18,21:58:36,-07:00,2025-10-18T21:58:36-07:00,2,0
index.html,28,html,1c2459d5,Jack Kalsched,2025-10-18,21:58:36,-07:00,2025-10-18T21:58:36-07:00,0,0
index.html,29,html,1c2459d5,Jack Kalsched,2025-10-18,21:58:36,-07:00,2025-10-18T21:58:36-07:00,2,5
index.html,30,html,1c2459d5,Jack Kalsched,2025-10-18,21:58:36,-07:00,2025-10-18T21:58:36-07:00,3,6
index.html,31,html,1c2459d5,Jack Kalsched,2025-10-18,21:58:36,-07:00,2025-10-18T21:58:36-07:00,3,17
index.html,32,html,1c2459d5,Jack Kalsched,2025-10-18,21:58:36,-07:00,2025-10-18T21:58:36-07:00,3,20
index.html,33,html,1c2459d5,Jack Kalsched,2025-10-18,21:58:36,-07:00,2025-10-18T21:58:36-07:00,3,13
index.html,34,html,1c2459d5,Jack Kalsched,2025-10-18,21:58:36,-07:00,2025-10-18T21:58:36-07:00,3,13
index.html,35,html,1c2459d5,Jack Kalsched,2025-10-18,21:58:36,-07:00,2025-10-18T21:58:36-07:00,2,0
index.html,36,html,1c2459d5,Jack Kalsched,2025-10-18,21:58:36,-07:00,2025-10-18T21:58:36-07:00,0,0
index.html,37,html,1c2459d5,Jack Kalsched,2025-10-18,21:58:36,-07:00,2025-10-18T21:58:36-07:00,2,13
index.html,38,html,1c2459d5,Jack Kalsched,2025-10-18,21:58:36,-07:00,2025-10-18T21:58:36-07:00,3,41
index.html,39,html,1c2459d5,Jack Kalsched,2025-10-18,21:58:36,-07:00,2025-10-18T21:58:36-07:00,3,20
index.html,40,html,1c2459d5,Jack Kalsched,2025-10-18,21:58:36,-07:00,2025-10-18T21:58:36-07:00,2,0
index.html,41,html,1c2459d5,Jack Kalsched,2025-10-18,21:58:36,-07:00,2025-10-18T21:58:36-07:00,0,0
index.html,42,html,1c2459d5,Jack Kalsched,2025-10-18,21:58:36,-07:00,2025-10-18T21:58:36-07:00,2,11
index.html,43,html,1c2459d5,Jack Kalsched,2025-10-18,21:58:36,-07:00,2025-10-18T21:58:36-07:00,3,43
index.html,44,html,1c2459d5,Jack Kalsched,2025-10-18,21:58:36,-07:00,2025-10-18T21:58:36-07:00,3,20
index.html,45,html,1c2459d5,Jack Kalsched,2025-10-18,21:58:36,-07:00,2025-10-18T21:58:36-07:00,3,57
index.html,46,html,1c2459d5,Jack Kalsched,2025-10-18,21:58:36,-07:00,2025-10-18T21:58:36-07:00,2,0
index.html,47,html,1c2459d5,Jack Kalsched,2025-10-18,21:58:36,-07:00,2025-10-18T21:58:36-07:00,0,0
index.html,48,html,1c2459d5,Jack Kalsched,2025-10-18,21:58:36,-07:00,2025-10-18T21:58:36-07:00,2,3
index.html,49,html,1c2459d5,Jack Kalsched,2025-10-18,21:58:36,-07:00,2025-10-18T21:58:36-07:00,3,13
index.html,50,html,1c2459d5,Jack Kalsched,2025-10-18,21:58:36,-07:00,2025-10-18T21:58:36-07:00,3,16
index.html,51,html,1c2459d5,Jack Kalsched,2025-10-18,21:58:36,-07:00,2025-10-18T21:58:36-07:00,3,10
index.html,52,html,1c2459d5,Jack Kalsched,2025-10-18,21:58:36,-07:00,2025-10-18T21:58:36-07:00,3,15
index.html,53,html,1c2459d5,Jack Kalsched,2025-10-18,21:58:36,-07:00,2025-10-18T21:58:36-07:00,3,11
index.html,54,html,1c2459d5,Jack Kalsched,2025-10-18,21:58:36,-07:00,2025-10-18T21:58:36-07:00,2,0
index.html,55,html,09fa681d,Jack Kalsched,2025-10-25,20:35:11,-07:00,2025-10-25T20:35:11-07:00,0,0
index.html,56,html,09fa681d,Jack Kalsched,2025-10-25,20:35:11,-07:00,2025-10-25T20:35:11-07:00,2,25
index.html,57,html,09fa681d,Jack Kalsched,2025-10-25,20:35:11,-07:00,2025-10-25T20:35:11-07:00,2,2
index.html,58,html,09fa681d,Jack Kalsched,2025-10-25,20:35:11,-07:00,2025-10-25T20:35:11-07:00,3,15
index.html,59,html,09fa681d,Jack Kalsched,2025-10-25,20:35:11,-07:00,2025-10-25T20:35:11-07:00,3,41
index.html,60,html,09fa681d,Jack Kalsched,2025-10-25,20:35:11,-07:00,2025-10-25T20:35:11-07:00,3,22
index.html,61,html,09fa681d,Jack Kalsched,2025-10-25,20:35:11,-07:00,2025-10-25T20:35:11-07:00,2,0
index.html,62,html,09fa681d,Jack Kalsched,2025-10-25,20:35:11,-07:00,2025-10-25T20:35:11-07:00,0,0
index.html,63,html,09fa681d,Jack Kalsched,2025-10-25,20:35:11,-07:00,2025-10-25T20:35:11-07:00,2,9
index.html,64,html,09fa681d,Jack Kalsched,2025-10-25,20:35:11,-07:00,2025-10-25T20:35:11-07:00,3,12
index.html,65,html,09fa681d,Jack Kalsched,2025-10-25,20:35:11,-07:00,2025-10-25T20:35:11-07:00,3,58
index.html,66,html,09fa681d,Jack Kalsched,2025-10-25,20:35:11,-07:00,2025-10-25T20:35:11-07:00,3,10
index.html,67,html,09fa681d,Jack Kalsched,2025-10-25,20:35:11,-07:00,2025-10-25T20:35:11-07:00,3,15
index.html,68,html,09fa681d,Jack Kalsched,2025-10-25,20:35:11,-07:00,2025-10-25T20:35:11-07:00,2,0
index.html,69,html,09fa681d,Jack Kalsched,2025-10-25,20:35:11,-07:00,2025-10-25T20:35:11-07:00,0,0
index.html,70,html,09fa681d,Jack Kalsched,2025-10-25,20:35:11,-07:00,2025-10-25T20:35:11-07:00,2,7
index.html,71,html,09fa681d,Jack Kalsched,2025-10-25,20:35:11,-07:00,2025-10-25T20:35:11-07:00,3,34
index.html,72,html,09fa681d,Jack Kalsched,2025-10-25,20:35:11,-07:00,2025-10-25T20:35:11-07:00,3,20
index.html,73,html,09fa681d,Jack Kalsched,2025-10-25,20:35:11,-07:00,2025-10-25T20:35:11-07:00,3,12
index.html,74,html,09fa681d,Jack Kalsched,2025-10-25,20:35:11,-07:00,2025-10-25T20:35:11-07:00,2,0
index.html,75,html,09fa681d,Jack Kalsched,2025-10-25,20:35:11,-07:00,2025-10-25T20:35:11-07:00,0,0
index.html,76,html,09fa681d,Jack Kalsched,2025-10-25,20:35:11,-07:00,2025-10-25T20:35:11-07:00,2,14
index.html,77,html,09fa681d,Jack Kalsched,2025-10-25,20:35:11,-07:00,2025-10-25T20:35:11-07:00,3,17
index.html,78,html,09fa681d,Jack Kalsched,2025-10-25,20:35:11,-07:00,2025-10-25T20:35:11-07:00,3,12
index.html,79,html,09fa681d,Jack Kalsched,2025-10-25,20:35:11,-07:00,2025-10-25T20:35:11-07:00,3,34
index.html,80,html,09fa681d,Jack Kalsched,2025-10-25,20:35:11,-07:00,2025-10-25T20:35:11-07:00,3,20
index.html,81,html,09fa681d,Jack Kalsched,2025-10-25,20:35:11,-07:00,2025-10-25T20:35:11-07:00,2,0
index.html,82,html,09fa681d,Jack Kalsched,2025-10-25,20:35:11,-07:00,2025-10-25T20:35:11-07:00,0,0
index.html,83,html,09fa681d,Jack Kalsched,2025-10-25,20:35:11,-07:00,2025-10-25T20:35:11-07:00,2,17
index.html,84,html,09fa681d,Jack Kalsched,2025-10-25,20:35:11,-07:00,2025-10-25T20:35:11-07:00,3,12
index.html,85,html,09fa681d,Jack Kalsched,2025-10-25,20:35:11,-07:00,2025-10-25T20:35:11-07:00,3,36
index.html,86,html,09fa681d,Jack Kalsched,2025-10-25,20:35:11,-07:00,2025-10-25T20:35:11-07:00,3,15
index.html,87,html,09fa681d,Jack Kalsched,2025-10-25,20:35:11,-07:00,2025-10-25T20:35:11-07:00,3,17
index.html,88,html,09fa681d,Jack Kalsched,2025-10-25,20:35:11,-07:00,2025-10-25T20:35:11-07:00,2,0
index.html,89,html,09fa681d,Jack Kalsched,2025-10-25,20:35:11,-07:00,2025-10-25T20:35:11-07:00,0,0
index.html,90,html,09fa681d,Jack Kalsched,2025-10-25,20:35:11,-07:00,2025-10-25T20:35:11-07:00,2,17
index.html,91,html,09fa681d,Jack Kalsched,2025-10-25,20:35:11,-07:00,2025-10-25T20:35:11-07:00,3,16
index.html,92,html,09fa681d,Jack Kalsched,2025-10-25,20:35:11,-07:00,2025-10-25T20:35:11-07:00,2,0
index.html,93,html,09fa681d,Jack Kalsched,2025-10-25,20:35:11,-07:00,2025-10-25T20:35:11-07:00,0,0
index.html,94,html,09fa681d,Jack Kalsched,2025-10-25,20:35:11,-07:00,2025-10-25T20:35:11-07:00,2,17
index.html,95,html,09fa681d,Jack Kalsched,2025-10-25,20:35:11,-07:00,2025-10-25T20:35:11-07:00,3,8
index.html,96,html,09fa681d,Jack Kalsched,2025-10-25,20:35:11,-07:00,2025-10-25T20:35:11-07:00,2,0
index.html,97,html,1c2459d5,Jack Kalsched,2025-10-18,21:58:36,-07:00,2025-10-18T21:58:36-07:00,1,6
index.html,98,html,4219f59b,Jack Kalsched,2025-10-01,20:42:56,-07:00,2025-10-01T20:42:56-07:00,0,5
index.html,99,html,09fa681d,Jack Kalsched,2025-10-25,20:35:11,-07:00,2025-10-25T20:35:11-07:00,0,0
index.html,100,html,4219f59b,Jack Kalsched,2025-10-01,20:42:56,-07:00,2025-10-01T20:42:56-07:00,0,4
index.html,101,html,1a49fb8d,Jack Kalsched,2025-10-09,21:42:41,-07:00,2025-10-09T21:42:41-07:00,1,20
index.html,102,html,1a49fb8d,Jack Kalsched,2025-10-09,21:42:41,-07:00,2025-10-09T21:42:41-07:00,0,0
index.html,103,html,09fa681d,Jack Kalsched,2025-10-25,20:35:11,-07:00,2025-10-25T20:35:11-07:00,1,1
index.html,104,html,09fa681d,Jack Kalsched,2025-10-25,20:35:11,-07:00,2025-10-25T20:35:11-07:00,2,63
index.html,105,html,09fa681d,Jack Kalsched,2025-10-25,20:35:11,-07:00,2025-10-25T20:35:11-07:00,2,71
index.html,106,html,09fa681d,Jack Kalsched,2025-10-25,20:35:11,-07:00,2025-10-25T20:35:11-07:00,2,23
index.html,107,html,09fa681d,Jack Kalsched,2025-10-25,20:35:11,-07:00,2025-10-25T20:35:11-07:00,1,2
index.html,108,html,1a49fb8d,Jack Kalsched,2025-10-09,21:42:41,-07:00,2025-10-09T21:42:41-07:00,0,0
index.html,109,html,1a49fb8d,Jack Kalsched,2025-10-09,21:42:41,-07:00,2025-10-09T21:42:41-07:00,1,93
index.html,110,html,48e2d00c,Jack Kalsched,2025-10-18,21:38:56,-07:00,2025-10-18T21:38:56-07:00,0,0
index.html,111,html,09fa681d,Jack Kalsched,2025-10-25,20:35:11,-07:00,2025-10-25T20:35:11-07:00,1,38
index.html,112,html,09fa681d,Jack Kalsched,2025-10-25,20:35:11,-07:00,2025-10-25T20:35:11-07:00,1,45
index.html,113,html,09fa681d,Jack Kalsched,2025-10-25,20:35:11,-07:00,2025-10-25T20:35:11-07:00,1,20
index.html,114,html,09fa681d,Jack Kalsched,2025-10-25,20:35:11,-07:00,2025-10-25T20:35:11-07:00,2,53
index.html,115,html,09fa681d,Jack Kalsched,2025-10-25,20:35:11,-07:00,2025-10-25T20:35:11-07:00,1,4
index.html,116,html,09fa681d,Jack Kalsched,2025-10-25,20:35:11,-07:00,2025-10-25T20:35:11-07:00,0,0
index.html,117,html,09fa681d,Jack Kalsched,2025-10-25,20:35:11,-07:00,2025-10-25T20:35:11-07:00,1,35
index.html,118,html,09fa681d,Jack Kalsched,2025-10-25,20:35:11,-07:00,2025-10-25T20:35:11-07:00,1,22
index.html,119,html,09fa681d,Jack Kalsched,2025-10-25,20:35:11,-07:00,2025-10-25T20:35:11-07:00,2,48
index.html,120,html,09fa681d,Jack Kalsched,2025-10-25,20:35:11,-07:00,2025-10-25T20:35:11-07:00,1,4
index.html,121,html,eb9d9d78,Jack Kalsched,2025-09-29,14:18:30,-07:00,2025-09-29T14:18:30-07:00,0,5
index.html,122,html,1a49fb8d,Jack Kalsched,2025-10-09,21:42:41,-07:00,2025-10-09T21:42:41-07:00,0,5
global.js,1,js,d8319565,Jack Kalsched,2025-10-18,22:39:43,-07:00,2025-10-18T22:39:43-07:00,0,25
global.js,2,js,48e2d00c,Jack Kalsched,2025-10-18,21:38:56,-07:00,2025-10-18T21:38:56-07:00,0,0
global.js,3,js,e20e532f,Jack Kalsched,2025-10-31,17:01:40,-07:00,2025-10-31T17:01:40-07:00,0,0
global.js,4,js,09fa681d,Jack Kalsched,2025-10-25,20:35:11,-07:00,2025-10-25T20:35:11-07:00,0,48
global.js,5,js,48e2d00c,Jack Kalsched,2025-10-18,21:38:56,-07:00,2025-10-18T21:38:56-07:00,1,52
global.js,6,js,48e2d00c,Jack Kalsched,2025-10-18,21:38:56,-07:00,2025-10-18T21:38:56-07:00,0,0
global.js,7,js,09fa681d,Jack Kalsched,2025-10-25,20:35:11,-07:00,2025-10-25T20:35:11-07:00,0,47
global.js,8,js,09fa681d,Jack Kalsched,2025-10-25,20:35:11,-07:00,2025-10-25T20:35:11-07:00,1,37
global.js,9,js,09fa681d,Jack Kalsched,2025-10-25,20:35:11,-07:00,2025-10-25T20:35:11-07:00,0,0
global.js,10,js,48e2d00c,Jack Kalsched,2025-10-18,21:38:56,-07:00,2025-10-18T21:38:56-07:00,0,0
global.js,11,js,e20e532f,Jack Kalsched,2025-10-31,17:01:40,-07:00,2025-10-31T17:01:40-07:00,0,0
global.js,12,js,d8319565,Jack Kalsched,2025-10-18,22:39:43,-07:00,2025-10-18T22:39:43-07:00,0,15
global.js,13,js,d8319565,Jack Kalsched,2025-10-18,22:39:43,-07:00,2025-10-18T22:39:43-07:00,1,68
global.js,14,js,d8319565,Jack Kalsched,2025-10-18,22:39:43,-07:00,2025-10-18T22:39:43-07:00,2,3
global.js,15,js,70793f48,Jack Kalsched,2025-10-18,23:08:47,-07:00,2025-10-18T23:08:47-07:00,2,14
global.js,16,js,48e2d00c,Jack Kalsched,2025-10-18,21:38:56,-07:00,2025-10-18T21:38:56-07:00,0,0
global.js,17,js,e20e532f,Jack Kalsched,2025-10-31,17:01:40,-07:00,2025-10-31T17:01:40-07:00,0,0
global.js,18,js,70793f48,Jack Kalsched,2025-10-18,23:08:47,-07:00,2025-10-18T23:08:47-07:00,0,13
global.js,19,js,f004725d,Jack Kalsched,2025-10-18,22:41:37,-07:00,2025-10-18T22:41:37-07:00,1,40
global.js,20,js,d8319565,Jack Kalsched,2025-10-18,22:39:43,-07:00,2025-10-18T22:39:43-07:00,1,38
global.js,21,js,f004725d,Jack Kalsched,2025-10-18,22:41:37,-07:00,2025-10-18T22:41:37-07:00,1,37
global.js,22,js,d8319565,Jack Kalsched,2025-10-18,22:39:43,-07:00,2025-10-18T22:39:43-07:00,1,39
global.js,23,js,00000000,Not Committed Yet,2025-11-06,22:07:00,-08:00,2025-11-06T22:07:00-08:00,1,30
global.js,24,js,d8319565,Jack Kalsched,2025-10-18,22:39:43,-07:00,2025-10-18T22:39:43-07:00,1,58
global.js,25,js,48e2d00c,Jack Kalsched,2025-10-18,21:38:56,-07:00,2025-10-18T21:38:56-07:00,0,0
global.js,26,js,48e2d00c,Jack Kalsched,2025-10-18,21:38:56,-07:00,2025-10-18T21:38:56-07:00,0,0
global.js,27,js,70793f48,Jack Kalsched,2025-10-18,23:08:47,-07:00,2025-10-18T23:08:47-07:00,0,40
global.js,28,js,70793f48,Jack Kalsched,2025-10-18,23:08:47,-07:00,2025-10-18T23:08:47-07:00,0,25
global.js,29,js,48e2d00c,Jack Kalsched,2025-10-18,21:38:56,-07:00,2025-10-18T21:38:56-07:00,0,0
global.js,30,js,70793f48,Jack Kalsched,2025-10-18,23:08:47,-07:00,2025-10-18T23:08:47-07:00,0,22
global.js,31,js,70793f48,Jack Kalsched,2025-10-18,23:08:47,-07:00,2025-10-18T23:08:47-07:00,1,64
global.js,32,js,70793f48,Jack Kalsched,2025-10-18,23:08:47,-07:00,2025-10-18T23:08:47-07:00,1,36
global.js,33,js,d8319565,Jack Kalsched,2025-10-18,22:39:43,-07:00,2025-10-18T22:39:43-07:00,1,11
global.js,34,js,d8319565,Jack Kalsched,2025-10-18,22:39:43,-07:00,2025-10-18T22:39:43-07:00,1,22
global.js,35,js,48e2d00c,Jack Kalsched,2025-10-18,21:38:56,-07:00,2025-10-18T21:38:56-07:00,0,0
global.js,36,js,d8319565,Jack Kalsched,2025-10-18,22:39:43,-07:00,2025-10-18T22:39:43-07:00,1,65
global.js,37,js,d8319565,Jack Kalsched,2025-10-18,22:39:43,-07:00,2025-10-18T22:39:43-07:00,2,25
global.js,38,js,d8319565,Jack Kalsched,2025-10-18,22:39:43,-07:00,2025-10-18T22:39:43-07:00,1,0
global.js,39,js,d8319565,Jack Kalsched,2025-10-18,22:39:43,-07:00,2025-10-18T22:39:43-07:00,0,0
global.js,40,js,d8319565,Jack Kalsched,2025-10-18,22:39:43,-07:00,2025-10-18T22:39:43-07:00,1,29
global.js,41,js,ec1afbf2,Jack Kalsched,2025-10-18,22:32:59,-07:00,2025-10-18T22:32:59-07:00,2,18
global.js,42,js,ec1afbf2,Jack Kalsched,2025-10-18,22:32:59,-07:00,2025-10-18T22:32:59-07:00,1,0
global.js,43,js,d8319565,Jack Kalsched,2025-10-18,22:39:43,-07:00,2025-10-18T22:39:43-07:00,0,0
global.js,44,js,d8319565,Jack Kalsched,2025-10-18,22:39:43,-07:00,2025-10-18T22:39:43-07:00,1,12
global.js,45,js,ec1afbf2,Jack Kalsched,2025-10-18,22:32:59,-07:00,2025-10-18T22:32:59-07:00,0,0
global.js,46,js,ec1afbf2,Jack Kalsched,2025-10-18,22:32:59,-07:00,2025-10-18T22:32:59-07:00,0,0
global.js,47,js,e20e532f,Jack Kalsched,2025-10-31,17:01:40,-07:00,2025-10-31T17:01:40-07:00,0,0
global.js,48,js,ec1afbf2,Jack Kalsched,2025-10-18,22:32:59,-07:00,2025-10-18T22:32:59-07:00,0,31
global.js,49,js,d8319565,Jack Kalsched,2025-10-18,22:39:43,-07:00,2025-10-18T22:39:43-07:00,1,11
global.js,50,js,ec1afbf2,Jack Kalsched,2025-10-18,22:32:59,-07:00,2025-10-18T22:32:59-07:00,1,0
global.js,51,js,ec1afbf2,Jack Kalsched,2025-10-18,22:32:59,-07:00,2025-10-18T22:32:59-07:00,1,26
global.js,52,js,ec1afbf2,Jack Kalsched,2025-10-18,22:32:59,-07:00,2025-10-18T22:32:59-07:00,2,4
global.js,53,js,ec1afbf2,Jack Kalsched,2025-10-18,22:32:59,-07:00,2025-10-18T22:32:59-07:00,2,6
global.js,54,js,d8319565,Jack Kalsched,2025-10-18,22:39:43,-07:00,2025-10-18T22:39:43-07:00,3,43
global.js,55,js,ec1afbf2,Jack Kalsched,2025-10-18,22:32:59,-07:00,2025-10-18T22:32:59-07:00,3,34
global.js,56,js,ec1afbf2,Jack Kalsched,2025-10-18,22:32:59,-07:00,2025-10-18T22:32:59-07:00,3,32
global.js,57,js,ec1afbf2,Jack Kalsched,2025-10-18,22:32:59,-07:00,2025-10-18T22:32:59-07:00,2,7
global.js,58,js,ec1afbf2,Jack Kalsched,2025-10-18,22:32:59,-07:00,2025-10-18T22:32:59-07:00,1,6
global.js,59,js,ec1afbf2,Jack Kalsched,2025-10-18,22:32:59,-07:00,2025-10-18T22:32:59-07:00,1,0
global.js,60,js,ec1afbf2,Jack Kalsched,2025-10-18,22:32:59,-07:00,2025-10-18T22:32:59-07:00,0,0
global.js,61,js,48e2d00c,Jack Kalsched,2025-10-18,21:38:56,-07:00,2025-10-18T21:38:56-07:00,0,0
global.js,62,js,d8319565,Jack Kalsched,2025-10-18,22:39:43,-07:00,2025-10-18T22:39:43-07:00,0,60
global.js,63,js,ec1afbf2,Jack Kalsched,2025-10-18,22:32:59,-07:00,2025-10-18T22:32:59-07:00,0,0
global.js,64,js,ec1afbf2,Jack Kalsched,2025-10-18,22:32:59,-07:00,2025-10-18T22:32:59-07:00,0,34
global.js,65,js,09fa681d,Jack Kalsched,2025-10-25,20:35:11,-07:00,2025-10-25T20:35:11-07:00,1,41
global.js,66,js,09fa681d,Jack Kalsched,2025-10-25,20:35:11,-07:00,2025-10-25T20:35:11-07:00,2,13
global.js,67,js,09fa681d,Jack Kalsched,2025-10-25,20:35:11,-07:00,2025-10-25T20:35:11-07:00,2,22
global.js,68,js,09fa681d,Jack Kalsched,2025-10-25,20:35:11,-07:00,2025-10-25T20:35:11-07:00,1,0
global.js,69,js,d8319565,Jack Kalsched,2025-10-18,22:39:43,-07:00,2025-10-18T22:39:43-07:00,1,38
global.js,70,js,d8319565,Jack Kalsched,2025-10-18,22:39:43,-07:00,2025-10-18T22:39:43-07:00,0,6
global.js,71,js,09fa681d,Jack Kalsched,2025-10-25,20:35:11,-07:00,2025-10-25T20:35:11-07:00,1,26
global.js,72,js,ec1afbf2,Jack Kalsched,2025-10-18,22:32:59,-07:00,2025-10-18T22:32:59-07:00,0,0
global.js,73,js,48e2d00c,Jack Kalsched,2025-10-18,21:38:56,-07:00,2025-10-18T21:38:56-07:00,0,0
global.js,74,js,d8319565,Jack Kalsched,2025-10-18,22:39:43,-07:00,2025-10-18T22:39:43-07:00,0,43
global.js,75,js,ec1afbf2,Jack Kalsched,2025-10-18,22:32:59,-07:00,2025-10-18T22:32:59-07:00,1,31
global.js,76,js,d8319565,Jack Kalsched,2025-10-18,22:39:43,-07:00,2025-10-18T22:39:43-07:00,1,64
global.js,77,js,ec1afbf2,Jack Kalsched,2025-10-18,22:32:59,-07:00,2025-10-18T22:32:59-07:00,1,31
global.js,78,js,d8319565,Jack Kalsched,2025-10-18,22:39:43,-07:00,2025-10-18T22:39:43-07:00,1,44
global.js,79,js,d8319565,Jack Kalsched,2025-10-18,22:39:43,-07:00,2025-10-18T22:39:43-07:00,0,1
global.js,80,js,70793f48,Jack Kalsched,2025-10-18,23:08:47,-07:00,2025-10-18T23:08:47-07:00,0,0
global.js,81,js,e20e532f,Jack Kalsched,2025-10-31,17:01:40,-07:00,2025-10-31T17:01:40-07:00,0,0
global.js,82,js,09fa681d,Jack Kalsched,2025-10-25,20:35:11,-07:00,2025-10-25T20:35:11-07:00,0,36
global.js,83,js,09fa681d,Jack Kalsched,2025-10-25,20:35:11,-07:00,2025-10-25T20:35:11-07:00,1,3
global.js,84,js,09fa681d,Jack Kalsched,2025-10-25,20:35:11,-07:00,2025-10-25T20:35:11-07:00,2,32
global.js,85,js,09fa681d,Jack Kalsched,2025-10-25,20:35:11,-07:00,2025-10-25T20:35:11-07:00,2,17
global.js,86,js,09fa681d,Jack Kalsched,2025-10-25,20:35:11,-07:00,2025-10-25T20:35:11-07:00,3,66
global.js,87,js,09fa681d,Jack Kalsched,2025-10-25,20:35:11,-07:00,2025-10-25T20:35:11-07:00,2,0
global.js,88,js,09fa681d,Jack Kalsched,2025-10-25,20:35:11,-07:00,2025-10-25T20:35:11-07:00,2,33
global.js,89,js,09fa681d,Jack Kalsched,2025-10-25,20:35:11,-07:00,2025-10-25T20:35:11-07:00,2,10
global.js,90,js,09fa681d,Jack Kalsched,2025-10-25,20:35:11,-07:00,2025-10-25T20:35:11-07:00,1,15
global.js,91,js,09fa681d,Jack Kalsched,2025-10-25,20:35:11,-07:00,2025-10-25T20:35:11-07:00,2,59
global.js,92,js,09fa681d,Jack Kalsched,2025-10-25,20:35:11,-07:00,2025-10-25T20:35:11-07:00,2,8
global.js,93,js,09fa681d,Jack Kalsched,2025-10-25,20:35:11,-07:00,2025-10-25T20:35:11-07:00,1,0
global.js,94,js,09fa681d,Jack Kalsched,2025-10-25,20:35:11,-07:00,2025-10-25T20:35:11-07:00,0,0
global.js,95,js,09fa681d,Jack Kalsched,2025-10-25,20:35:11,-07:00,2025-10-25T20:35:11-07:00,0,0
global.js,96,js,e20e532f,Jack Kalsched,2025-10-31,17:01:40,-07:00,2025-10-31T17:01:40-07:00,0,0
global.js,97,js,09fa681d,Jack Kalsched,2025-10-25,20:35:11,-07:00,2025-10-25T20:35:11-07:00,0,79
global.js,98,js,09fa681d,Jack Kalsched,2025-10-25,20:35:11,-07:00,2025-10-25T20:35:11-07:00,1,22
global.js,99,js,09fa681d,Jack Kalsched,2025-10-25,20:35:11,-07:00,2025-10-25T20:35:11-07:00,2,60
global.js,100,js,09fa681d,Jack Kalsched,2025-10-25,20:35:11,-07:00,2025-10-25T20:35:11-07:00,2,5
global.js,101,js,09fa681d,Jack Kalsched,2025-10-25,20:35:11,-07:00,2025-10-25T20:35:11-07:00,1,0
global.js,102,js,09fa681d,Jack Kalsched,2025-10-25,20:35:11,-07:00,2025-10-25T20:35:11-07:00,1,30
global.js,103,js,09fa681d,Jack Kalsched,2025-10-25,20:35:11,-07:00,2025-10-25T20:35:11-07:00,0,0
global.js,104,js,09fa681d,Jack Kalsched,2025-10-25,20:35:11,-07:00,2025-10-25T20:35:11-07:00,1,54
global.js,105,js,09fa681d,Jack Kalsched,2025-10-25,20:35:11,-07:00,2025-10-25T20:35:11-07:00,2,55
global.js,106,js,09fa681d,Jack Kalsched,2025-10-25,20:35:11,-07:00,2025-10-25T20:35:11-07:00,2,5
global.js,107,js,09fa681d,Jack Kalsched,2025-10-25,20:35:11,-07:00,2025-10-25T20:35:11-07:00,1,0
global.js,108,js,09fa681d,Jack Kalsched,2025-10-25,20:35:11,-07:00,2025-10-25T20:35:11-07:00,0,0
global.js,109,js,09fa681d,Jack Kalsched,2025-10-25,20:35:11,-07:00,2025-10-25T20:35:11-07:00,1,31
global.js,110,js,09fa681d,Jack Kalsched,2025-10-25,20:35:11,-07:00,2025-10-25T20:35:11-07:00,2,48
global.js,111,js,09fa681d,Jack Kalsched,2025-10-25,20:35:11,-07:00,2025-10-25T20:35:11-07:00,2,19
global.js,112,js,09fa681d,Jack Kalsched,2025-10-25,20:35:11,-07:00,2025-10-25T20:35:11-07:00,3,71
global.js,113,js,09fa681d,Jack Kalsched,2025-10-25,20:35:11,-07:00,2025-10-25T20:35:11-07:00,3,61
global.js,114,js,05b32642,Jack Kalsched,2025-10-31,10:18:05,-07:00,2025-10-31T10:18:05-07:00,3,24
global.js,115,js,05b32642,Jack Kalsched,2025-10-31,10:18:05,-07:00,2025-10-31T10:18:05-07:00,4,33
global.js,116,js,05b32642,Jack Kalsched,2025-10-31,10:18:05,-07:00,2025-10-31T10:18:05-07:00,4,47
global.js,117,js,05b32642,Jack Kalsched,2025-10-31,10:18:05,-07:00,2025-10-31T10:18:05-07:00,3,4
global.js,118,js,09fa681d,Jack Kalsched,2025-10-25,20:35:11,-07:00,2025-10-25T20:35:11-07:00,2,0
global.js,119,js,09fa681d,Jack Kalsched,2025-10-25,20:35:11,-07:00,2025-10-25T20:35:11-07:00,2,36
global.js,120,js,09fa681d,Jack Kalsched,2025-10-25,20:35:11,-07:00,2025-10-25T20:35:11-07:00,1,0
global.js,121,js,05b32642,Jack Kalsched,2025-10-31,10:18:05,-07:00,2025-10-31T10:18:05-07:00,1,0
global.js,122,js,09fa681d,Jack Kalsched,2025-10-25,20:35:11,-07:00,2025-10-25T20:35:11-07:00,0,0
global.js,123,js,e20e532f,Jack Kalsched,2025-10-31,17:01:40,-07:00,2025-10-31T17:01:40-07:00,1,0
global.js,124,js,09fa681d,Jack Kalsched,2025-10-25,20:35:11,-07:00,2025-10-25T20:35:11-07:00,1,56
global.js,125,js,09fa681d,Jack Kalsched,2025-10-25,20:35:11,-07:00,2025-10-25T20:35:11-07:00,1,12
global.js,126,js,09fa681d,Jack Kalsched,2025-10-25,20:35:11,-07:00,2025-10-25T20:35:11-07:00,2,52
global.js,127,js,09fa681d,Jack Kalsched,2025-10-25,20:35:11,-07:00,2025-10-25T20:35:11-07:00,1,0
global.js,128,js,09fa681d,Jack Kalsched,2025-10-25,20:35:11,-07:00,2025-10-25T20:35:11-07:00,0,0
global.js,129,js,09fa681d,Jack Kalsched,2025-10-25,20:35:11,-07:00,2025-10-25T20:35:11-07:00,0,0
global.js,130,js,e20e532f,Jack Kalsched,2025-10-31,17:01:40,-07:00,2025-10-31T17:01:40-07:00,0,0
global.js,131,js,09fa681d,Jack Kalsched,2025-10-25,20:35:11,-07:00,2025-10-25T20:35:11-07:00,0,47
global.js,132,js,09fa681d,Jack Kalsched,2025-10-25,20:35:11,-07:00,2025-10-25T20:35:11-07:00,1,59
global.js,133,js,09fa681d,Jack Kalsched,2025-10-25,20:35:11,-07:00,2025-10-25T20:35:11-07:00,0,0
global.js,134,js,09fa681d,Jack Kalsched,2025-10-25,20:35:11,-07:00,2025-10-25T20:35:11-07:00,0,0
resume/index.html,1,html,64cb72bd,Jack Kalsched,2025-10-01,20:19:12,-07:00,2025-10-01T20:19:12-07:00,0,13
resume/index.html,2,html,1a49fb8d,Jack Kalsched,2025-10-09,21:42:41,-07:00,2025-10-09T21:42:41-07:00,0,92
resume/index.html,3,html,64cb72bd,Jack Kalsched,2025-10-01,20:19:12,-07:00,2025-10-01T20:19:12-07:00,0,4
resume/index.html,4,html,64cb72bd,Jack Kalsched,2025-10-01,20:19:12,-07:00,2025-10-01T20:19:12-07:00,2,20
resume/index.html,5,html,64cb72bd,Jack Kalsched,2025-10-01,20:19:12,-07:00,2025-10-01T20:19:12-07:00,2,68
resume/index.html,6,html,64cb72bd,Jack Kalsched,2025-10-01,20:19:12,-07:00,2025-10-01T20:19:12-07:00,2,19
resume/index.html,7,html,64cb72bd,Jack Kalsched,2025-10-01,20:19:12,-07:00,2025-10-01T20:19:12-07:00,2,13
resume/index.html,8,html,5b30cc2f,Jack Kalsched,2025-10-18,22:04:25,-07:00,2025-10-18T22:04:25-07:00,2,41
resume/index.html,9,html,3064298d,Jack Kalsched,2025-10-18,22:13:07,-07:00,2025-10-18T22:13:07-07:00,2,48
resume/index.html,10,html,64cb72bd,Jack Kalsched,2025-10-01,20:19:12,-07:00,2025-10-01T20:19:12-07:00,0,5
resume/index.html,11,html,64cb72bd,Jack Kalsched,2025-10-01,20:19:12,-07:00,2025-10-01T20:19:12-07:00,0,4
resume/index.html,12,html,04f54b86,Jack Kalsched,2025-10-18,22:06:15,-07:00,2025-10-18T22:06:15-07:00,2,41
resume/index.html,13,html,636ca386,Jack Kalsched,2025-10-25,20:41:03,-07:00,2025-10-25T20:41:03-07:00,2,47
resume/index.html,14,html,636ca386,Jack Kalsched,2025-10-25,20:41:03,-07:00,2025-10-25T20:41:03-07:00,2,167
resume/index.html,15,html,64cb72bd,Jack Kalsched,2025-10-01,20:19:12,-07:00,2025-10-01T20:19:12-07:00,0,0
resume/index.html,16,html,636ca386,Jack Kalsched,2025-10-25,20:41:03,-07:00,2025-10-25T20:41:03-07:00,2,44
resume/index.html,17,html,1c2459d5,Jack Kalsched,2025-10-18,21:58:36,-07:00,2025-10-18T21:58:36-07:00,2,7
resume/index.html,18,html,636ca386,Jack Kalsched,2025-10-25,20:41:03,-07:00,2025-10-25T20:41:03-07:00,4,55
resume/index.html,19,html,636ca386,Jack Kalsched,2025-10-25,20:41:03,-07:00,2025-10-25T20:41:03-07:00,4,96
resume/index.html,20,html,636ca386,Jack Kalsched,2025-10-25,20:41:03,-07:00,2025-10-25T20:41:03-07:00,4,29
resume/index.html,21,html,64cb72bd,Jack Kalsched,2025-10-01,20:19:12,-07:00,2025-10-01T20:19:12-07:00,6,112
resume/index.html,22,html,64cb72bd,Jack Kalsched,2025-10-01,20:19:12,-07:00,2025-10-01T20:19:12-07:00,8,85
resume/index.html,23,html,64cb72bd,Jack Kalsched,2025-10-01,20:19:12,-07:00,2025-10-01T20:19:12-07:00,6,102
resume/index.html,24,html,64cb72bd,Jack Kalsched,2025-10-01,20:19:12,-07:00,2025-10-01T20:19:12-07:00,8,16
resume/index.html,25,html,64cb72bd,Jack Kalsched,2025-10-01,20:19:12,-07:00,2025-10-01T20:19:12-07:00,6,121
resume/index.html,26,html,64cb72bd,Jack Kalsched,2025-10-01,20:19:12,-07:00,2025-10-01T20:19:12-07:00,6,117
resume/index.html,27,html,64cb72bd,Jack Kalsched,2025-10-01,20:19:12,-07:00,2025-10-01T20:19:12-07:00,4,3
resume/index.html,28,html,64cb72bd,Jack Kalsched,2025-10-01,20:19:12,-07:00,2025-10-01T20:19:12-07:00,2,8
resume/index.html,29,html,64cb72bd,Jack Kalsched,2025-10-01,20:19:12,-07:00,2025-10-01T20:19:12-07:00,0,0
resume/index.html,30,html,1c2459d5,Jack Kalsched,2025-10-18,21:58:36,-07:00,2025-10-18T21:58:36-07:00,2,7
resume/index.html,31,html,636ca386,Jack Kalsched,2025-10-25,20:41:03,-07:00,2025-10-25T20:41:03-07:00,4,43
resume/index.html,32,html,636ca386,Jack Kalsched,2025-10-25,20:41:03,-07:00,2025-10-25T20:41:03-07:00,4,99
resume/index.html,33,html,636ca386,Jack Kalsched,2025-10-25,20:41:03,-07:00,2025-10-25T20:41:03-07:00,4,29
resume/index.html,34,html,64cb72bd,Jack Kalsched,2025-10-01,20:19:12,-07:00,2025-10-01T20:19:12-07:00,6,110
resume/index.html,35,html,64cb72bd,Jack Kalsched,2025-10-01,20:19:12,-07:00,2025-10-01T20:19:12-07:00,6,86
resume/index.html,36,html,64cb72bd,Jack Kalsched,2025-10-01,20:19:12,-07:00,2025-10-01T20:19:12-07:00,6,102
resume/index.html,37,html,64cb72bd,Jack Kalsched,2025-10-01,20:19:12,-07:00,2025-10-01T20:19:12-07:00,4,3
resume/index.html,38,html,64cb72bd,Jack Kalsched,2025-10-01,20:19:12,-07:00,2025-10-01T20:19:12-07:00,2,8
resume/index.html,39,html,64cb72bd,Jack Kalsched,2025-10-01,20:19:12,-07:00,2025-10-01T20:19:12-07:00,0,0
resume/index.html,40,html,1c2459d5,Jack Kalsched,2025-10-18,21:58:36,-07:00,2025-10-18T21:58:36-07:00,2,7
resume/index.html,41,html,636ca386,Jack Kalsched,2025-10-25,20:41:03,-07:00,2025-10-25T20:41:03-07:00,4,56
resume/index.html,42,html,636ca386,Jack Kalsched,2025-10-25,20:41:03,-07:00,2025-10-25T20:41:03-07:00,4,93
resume/index.html,43,html,636ca386,Jack Kalsched,2025-10-25,20:41:03,-07:00,2025-10-25T20:41:03-07:00,4,29
resume/index.html,44,html,64cb72bd,Jack Kalsched,2025-10-01,20:19:12,-07:00,2025-10-01T20:19:12-07:00,6,98
resume/index.html,45,html,64cb72bd,Jack Kalsched,2025-10-01,20:19:12,-07:00,2025-10-01T20:19:12-07:00,6,110
resume/index.html,46,html,64cb72bd,Jack Kalsched,2025-10-01,20:19:12,-07:00,2025-10-01T20:19:12-07:00,6,84
resume/index.html,47,html,64cb72bd,Jack Kalsched,2025-10-01,20:19:12,-07:00,2025-10-01T20:19:12-07:00,4,3
resume/index.html,48,html,64cb72bd,Jack Kalsched,2025-10-01,20:19:12,-07:00,2025-10-01T20:19:12-07:00,0,0
resume/index.html,49,html,636ca386,Jack Kalsched,2025-10-25,20:41:03,-07:00,2025-10-25T20:41:03-07:00,4,118
resume/index.html,50,html,636ca386,Jack Kalsched,2025-10-25,20:41:03,-07:00,2025-10-25T20:41:03-07:00,4,29
resume/index.html,51,html,64cb72bd,Jack Kalsched,2025-10-01,20:19:12,-07:00,2025-10-01T20:19:12-07:00,6,96
resume/index.html,52,html,64cb72bd,Jack Kalsched,2025-10-01,20:19:12,-07:00,2025-10-01T20:19:12-07:00,4,3
resume/index.html,53,html,64cb72bd,Jack Kalsched,2025-10-01,20:19:12,-07:00,2025-10-01T20:19:12-07:00,2,8
resume/index.html,54,html,64cb72bd,Jack Kalsched,2025-10-01,20:19:12,-07:00,2025-10-01T20:19:12-07:00,0,0
resume/index.html,55,html,1c2459d5,Jack Kalsched,2025-10-18,21:58:36,-07:00,2025-10-18T21:58:36-07:00,2,7
resume/index.html,56,html,636ca386,Jack Kalsched,2025-10-25,20:41:03,-07:00,2025-10-25T20:41:03-07:00,4,62
resume/index.html,57,html,636ca386,Jack Kalsched,2025-10-25,20:41:03,-07:00,2025-10-25T20:41:03-07:00,4,108
resume/index.html,58,html,636ca386,Jack Kalsched,2025-10-25,20:41:03,-07:00,2025-10-25T20:41:03-07:00,4,29
resume/index.html,59,html,64cb72bd,Jack Kalsched,2025-10-01,20:19:12,-07:00,2025-10-01T20:19:12-07:00,6,48
resume/index.html,60,html,64cb72bd,Jack Kalsched,2025-10-01,20:19:12,-07:00,2025-10-01T20:19:12-07:00,6,116
resume/index.html,61,html,64cb72bd,Jack Kalsched,2025-10-01,20:19:12,-07:00,2025-10-01T20:19:12-07:00,8,23
resume/index.html,62,html,64cb72bd,Jack Kalsched,2025-10-01,20:19:12,-07:00,2025-10-01T20:19:12-07:00,6,102
resume/index.html,63,html,64cb72bd,Jack Kalsched,2025-10-01,20:19:12,-07:00,2025-10-01T20:19:12-07:00,4,3
resume/index.html,64,html,64cb72bd,Jack Kalsched,2025-10-01,20:19:12,-07:00,2025-10-01T20:19:12-07:00,2,8
resume/index.html,65,html,64cb72bd,Jack Kalsched,2025-10-01,20:19:12,-07:00,2025-10-01T20:19:12-07:00,0,0
resume/index.html,66,html,636ca386,Jack Kalsched,2025-10-25,20:41:03,-07:00,2025-10-25T20:41:03-07:00,2,42
resume/index.html,67,html,636ca386,Jack Kalsched,2025-10-25,20:41:03,-07:00,2025-10-25T20:41:03-07:00,2,109
resume/index.html,68,html,636ca386,Jack Kalsched,2025-10-25,20:41:03,-07:00,2025-10-25T20:41:03-07:00,2,198
resume/index.html,69,html,64cb72bd,Jack Kalsched,2025-10-01,20:19:12,-07:00,2025-10-01T20:19:12-07:00,4,202
resume/index.html,70,html,64cb72bd,Jack Kalsched,2025-10-01,20:19:12,-07:00,2025-10-01T20:19:12-07:00,4,66
resume/index.html,71,html,64cb72bd,Jack Kalsched,2025-10-01,20:19:12,-07:00,2025-10-01T20:19:12-07:00,2,2
resume/index.html,72,html,64cb72bd,Jack Kalsched,2025-10-01,20:19:12,-07:00,2025-10-01T20:19:12-07:00,0,0
resume/index.html,73,html,636ca386,Jack Kalsched,2025-10-25,20:41:03,-07:00,2025-10-25T20:41:03-07:00,2,52
resume/index.html,74,html,636ca386,Jack Kalsched,2025-10-25,20:41:03,-07:00,2025-10-25T20:41:03-07:00,2,29
resume/index.html,75,html,64cb72bd,Jack Kalsched,2025-10-01,20:19:12,-07:00,2025-10-01T20:19:12-07:00,4,23
resume/index.html,76,html,64cb72bd,Jack Kalsched,2025-10-01,20:19:12,-07:00,2025-10-01T20:19:12-07:00,4,19
resume/index.html,77,html,64cb72bd,Jack Kalsched,2025-10-01,20:19:12,-07:00,2025-10-01T20:19:12-07:00,4,13
resume/index.html,78,html,64cb72bd,Jack Kalsched,2025-10-01,20:19:12,-07:00,2025-10-01T20:19:12-07:00,4,24
resume/index.html,79,html,64cb72bd,Jack Kalsched,2025-10-01,20:19:12,-07:00,2025-10-01T20:19:12-07:00,4,41
resume/index.html,80,html,64cb72bd,Jack Kalsched,2025-10-01,20:19:12,-07:00,2025-10-01T20:19:12-07:00,2,3
resume/index.html,81,html,64cb72bd,Jack Kalsched,2025-10-01,20:19:12,-07:00,2025-10-01T20:19:12-07:00,0,5
resume/index.html,82,html,64cb72bd,Jack Kalsched,2025-10-01,20:19:12,-07:00,2025-10-01T20:19:12-07:00,0,5
projects/projects.js,1,js,09fa681d,Jack Kalsched,2025-10-25,20:35:11,-07:00,2025-10-25T20:35:11-07:00,0,55
projects/projects.js,2,js,d67e7727,Jack Kalsched,2025-10-31,11:24:38,-07:00,2025-10-31T11:24:38-07:00,0,63
projects/projects.js,3,js,e7e59854,Jack Kalsched,2025-10-31,10:32:39,-07:00,2025-10-31T10:32:39-07:00,0,0
projects/projects.js,4,js,75dff8f5,Jack Kalsched,2025-10-31,15:27:01,-07:00,2025-10-31T15:27:01-07:00,0,55
projects/projects.js,5,js,96f49913,Jack Kalsched,2025-10-31,11:38:05,-07:00,2025-10-31T11:38:05-07:00,1,3
projects/projects.js,6,js,96f49913,Jack Kalsched,2025-10-31,11:38:05,-07:00,2025-10-31T11:38:05-07:00,2,55
projects/projects.js,7,js,e4b6b98e,Jack Kalsched,2025-10-31,16:35:10,-07:00,2025-10-31T16:35:10-07:00,2,60
projects/projects.js,8,js,e4b6b98e,Jack Kalsched,2025-10-31,16:35:10,-07:00,2025-10-31T16:35:10-07:00,2,55
projects/projects.js,9,js,96f49913,Jack Kalsched,2025-10-31,11:38:05,-07:00,2025-10-31T11:38:05-07:00,0,0
projects/projects.js,10,js,e4b6b98e,Jack Kalsched,2025-10-31,16:35:10,-07:00,2025-10-31T16:35:10-07:00,2,48
projects/projects.js,11,js,0dd90e7a,Jack Kalsched,2025-10-31,15:55:53,-07:00,2025-10-31T15:55:53-07:00,0,0
projects/projects.js,12,js,26d2d728,Jack Kalsched,2025-10-31,16:41:26,-07:00,2025-10-31T16:41:26-07:00,2,21
projects/projects.js,13,js,e20e532f,Jack Kalsched,2025-10-31,17:01:40,-07:00,2025-10-31T17:01:40-07:00,2,13
projects/projects.js,14,js,e20e532f,Jack Kalsched,2025-10-31,17:01:40,-07:00,2025-10-31T17:01:40-07:00,0,0
projects/projects.js,15,js,1269c770,Jack Kalsched,2025-10-31,16:47:03,-07:00,2025-10-31T16:47:03-07:00,0,0
projects/projects.js,16,js,1269c770,Jack Kalsched,2025-10-31,16:47:03,-07:00,2025-10-31T16:47:03-07:00,2,30
projects/projects.js,17,js,e20e532f,Jack Kalsched,2025-10-31,17:01:40,-07:00,2025-10-31T17:01:40-07:00,0,0
projects/projects.js,18,js,1269c770,Jack Kalsched,2025-10-31,16:47:03,-07:00,2025-10-31T16:47:03-07:00,3,22
projects/projects.js,19,js,1269c770,Jack Kalsched,2025-10-31,16:47:03,-07:00,2025-10-31T16:47:03-07:00,0,0
projects/projects.js,20,js,e20e532f,Jack Kalsched,2025-10-31,17:01:40,-07:00,2025-10-31T17:01:40-07:00,0,0
projects/projects.js,21,js,1269c770,Jack Kalsched,2025-10-31,16:47:03,-07:00,2025-10-31T16:47:03-07:00,3,10
projects/projects.js,22,js,1269c770,Jack Kalsched,2025-10-31,16:47:03,-07:00,2025-10-31T16:47:03-07:00,4,31
projects/projects.js,23,js,1269c770,Jack Kalsched,2025-10-31,16:47:03,-07:00,2025-10-31T16:47:03-07:00,5,35
projects/projects.js,24,js,1269c770,Jack Kalsched,2025-10-31,16:47:03,-07:00,2025-10-31T16:47:03-07:00,4,0
projects/projects.js,25,js,1269c770,Jack Kalsched,2025-10-31,16:47:03,-07:00,2025-10-31T16:47:03-07:00,3,0
projects/projects.js,26,js,1269c770,Jack Kalsched,2025-10-31,16:47:03,-07:00,2025-10-31T16:47:03-07:00,0,0
projects/projects.js,27,js,e20e532f,Jack Kalsched,2025-10-31,17:01:40,-07:00,2025-10-31T17:01:40-07:00,0,0
projects/projects.js,28,js,1269c770,Jack Kalsched,2025-10-31,16:47:03,-07:00,2025-10-31T16:47:03-07:00,3,55
projects/projects.js,29,js,1269c770,Jack Kalsched,2025-10-31,16:47:03,-07:00,2025-10-31T16:47:03-07:00,4,52
projects/projects.js,30,js,1269c770,Jack Kalsched,2025-10-31,16:47:03,-07:00,2025-10-31T16:47:03-07:00,4,57
projects/projects.js,31,js,1269c770,Jack Kalsched,2025-10-31,16:47:03,-07:00,2025-10-31T16:47:03-07:00,3,0
projects/projects.js,32,js,1269c770,Jack Kalsched,2025-10-31,16:47:03,-07:00,2025-10-31T16:47:03-07:00,0,0
projects/projects.js,33,js,1269c770,Jack Kalsched,2025-10-31,16:47:03,-07:00,2025-10-31T16:47:03-07:00,3,14
projects/projects.js,34,js,1269c770,Jack Kalsched,2025-10-31,16:47:03,-07:00,2025-10-31T16:47:03-07:00,2,0
projects/projects.js,35,js,1269c770,Jack Kalsched,2025-10-31,16:47:03,-07:00,2025-10-31T16:47:03-07:00,0,0
projects/projects.js,36,js,e20e532f,Jack Kalsched,2025-10-31,17:01:40,-07:00,2025-10-31T17:01:40-07:00,2,19
projects/projects.js,37,js,26d2d728,Jack Kalsched,2025-10-31,16:41:26,-07:00,2025-10-31T16:41:26-07:00,0,0
projects/projects.js,38,js,e4b6b98e,Jack Kalsched,2025-10-31,16:35:10,-07:00,2025-10-31T16:35:10-07:00,2,38
projects/projects.js,39,js,e4b6b98e,Jack Kalsched,2025-10-31,16:35:10,-07:00,2025-10-31T16:35:10-07:00,3,42
projects/projects.js,40,js,e4b6b98e,Jack Kalsched,2025-10-31,16:35:10,-07:00,2025-10-31T16:35:10-07:00,3,34
projects/projects.js,41,js,26d2d728,Jack Kalsched,2025-10-31,16:41:26,-07:00,2025-10-31T16:41:26-07:00,0,0
projects/projects.js,42,js,26d2d728,Jack Kalsched,2025-10-31,16:41:26,-07:00,2025-10-31T16:41:26-07:00,3,29
projects/projects.js,43,js,e4b6b98e,Jack Kalsched,2025-10-31,16:35:10,-07:00,2025-10-31T16:35:10-07:00,3,30
projects/projects.js,44,js,75dff8f5,Jack Kalsched,2025-10-31,15:27:01,-07:00,2025-10-31T15:27:01-07:00,0,0
projects/projects.js,45,js,e4b6b98e,Jack Kalsched,2025-10-31,16:35:10,-07:00,2025-10-31T16:35:10-07:00,3,28
projects/projects.js,46,js,e4b6b98e,Jack Kalsched,2025-10-31,16:35:10,-07:00,2025-10-31T16:35:10-07:00,4,12
projects/projects.js,47,js,e4b6b98e,Jack Kalsched,2025-10-31,16:35:10,-07:00,2025-10-31T16:35:10-07:00,4,14
projects/projects.js,48,js,e4b6b98e,Jack Kalsched,2025-10-31,16:35:10,-07:00,2025-10-31T16:35:10-07:00,4,11
projects/projects.js,49,js,e4b6b98e,Jack Kalsched,2025-10-31,16:35:10,-07:00,2025-10-31T16:35:10-07:00,3,0
projects/projects.js,50,js,e4b6b98e,Jack Kalsched,2025-10-31,16:35:10,-07:00,2025-10-31T16:35:10-07:00,3,47
projects/projects.js,51,js,e4b6b98e,Jack Kalsched,2025-10-31,16:35:10,-07:00,2025-10-31T16:35:10-07:00,4,10
projects/projects.js,52,js,e4b6b98e,Jack Kalsched,2025-10-31,16:35:10,-07:00,2025-10-31T16:35:10-07:00,4,11
projects/projects.js,53,js,e4b6b98e,Jack Kalsched,2025-10-31,16:35:10,-07:00,2025-10-31T16:35:10-07:00,3,2
projects/projects.js,54,js,e20e532f,Jack Kalsched,2025-10-31,17:01:40,-07:00,2025-10-31T17:01:40-07:00,3,17
projects/projects.js,55,js,75dff8f5,Jack Kalsched,2025-10-31,15:27:01,-07:00,2025-10-31T15:27:01-07:00,0,0
projects/projects.js,56,js,e4b6b98e,Jack Kalsched,2025-10-31,16:35:10,-07:00,2025-10-31T16:35:10-07:00,3,28
projects/projects.js,57,js,75dff8f5,Jack Kalsched,2025-10-31,15:27:01,-07:00,2025-10-31T15:27:01-07:00,0,0
projects/projects.js,58,js,e4b6b98e,Jack Kalsched,2025-10-31,16:35:10,-07:00,2025-10-31T16:35:10-07:00,3,59
projects/projects.js,59,js,e4b6b98e,Jack Kalsched,2025-10-31,16:35:10,-07:00,2025-10-31T16:35:10-07:00,3,52
projects/projects.js,60,js,e4b6b98e,Jack Kalsched,2025-10-31,16:35:10,-07:00,2025-10-31T16:35:10-07:00,3,35
projects/projects.js,61,js,e4b6b98e,Jack Kalsched,2025-10-31,16:35:10,-07:00,2025-10-31T16:35:10-07:00,3,49
projects/projects.js,62,js,96f49913,Jack Kalsched,2025-10-31,11:38:05,-07:00,2025-10-31T11:38:05-07:00,0,0
projects/projects.js,63,js,e20e532f,Jack Kalsched,2025-10-31,17:01:40,-07:00,2025-10-31T17:01:40-07:00,3,0
projects/projects.js,64,js,26d2d728,Jack Kalsched,2025-10-31,16:41:26,-07:00,2025-10-31T16:41:26-07:00,3,15
projects/projects.js,65,js,e4b6b98e,Jack Kalsched,2025-10-31,16:35:10,-07:00,2025-10-31T16:35:10-07:00,4,16
projects/projects.js,66,js,e4b6b98e,Jack Kalsched,2025-10-31,16:35:10,-07:00,2025-10-31T16:35:10-07:00,4,12
projects/projects.js,67,js,e4b6b98e,Jack Kalsched,2025-10-31,16:35:10,-07:00,2025-10-31T16:35:10-07:00,4,11
projects/projects.js,68,js,e4b6b98e,Jack Kalsched,2025-10-31,16:35:10,-07:00,2025-10-31T16:35:10-07:00,4,22
projects/projects.js,69,js,e4b6b98e,Jack Kalsched,2025-10-31,16:35:10,-07:00,2025-10-31T16:35:10-07:00,4,32
projects/projects.js,70,js,e4b6b98e,Jack Kalsched,2025-10-31,16:35:10,-07:00,2025-10-31T16:35:10-07:00,4,22
projects/projects.js,71,js,26d2d728,Jack Kalsched,2025-10-31,16:41:26,-07:00,2025-10-31T16:41:26-07:00,4,22
projects/projects.js,72,js,1269c770,Jack Kalsched,2025-10-31,16:47:03,-07:00,2025-10-31T16:47:03-07:00,4,65
projects/projects.js,73,js,1269c770,Jack Kalsched,2025-10-31,16:47:03,-07:00,2025-10-31T16:47:03-07:00,4,22
projects/projects.js,74,js,26d2d728,Jack Kalsched,2025-10-31,16:41:26,-07:00,2025-10-31T16:41:26-07:00,5,29
projects/projects.js,75,js,26d2d728,Jack Kalsched,2025-10-31,16:41:26,-07:00,2025-10-31T16:41:26-07:00,5,47
projects/projects.js,76,js,4943ef0e,Jack Kalsched,2025-10-31,16:01:07,-07:00,2025-10-31T16:01:07-07:00,0,0
projects/projects.js,77,js,e20e532f,Jack Kalsched,2025-10-31,17:01:40,-07:00,2025-10-31T17:01:40-07:00,5,0
projects/projects.js,78,js,26d2d728,Jack Kalsched,2025-10-31,16:41:26,-07:00,2025-10-31T16:41:26-07:00,5,43
projects/projects.js,79,js,26d2d728,Jack Kalsched,2025-10-31,16:41:26,-07:00,2025-10-31T16:41:26-07:00,6,37
projects/projects.js,80,js,26d2d728,Jack Kalsched,2025-10-31,16:41:26,-07:00,2025-10-31T16:41:26-07:00,5,0
projects/projects.js,81,js,26d2d728,Jack Kalsched,2025-10-31,16:41:26,-07:00,2025-10-31T16:41:26-07:00,5,44
projects/projects.js,82,js,26d2d728,Jack Kalsched,2025-10-31,16:41:26,-07:00,2025-10-31T16:41:26-07:00,6,58
projects/projects.js,83,js,26d2d728,Jack Kalsched,2025-10-31,16:41:26,-07:00,2025-10-31T16:41:26-07:00,5,0
projects/projects.js,84,js,26d2d728,Jack Kalsched,2025-10-31,16:41:26,-07:00,2025-10-31T16:41:26-07:00,0,0
projects/projects.js,85,js,e20e532f,Jack Kalsched,2025-10-31,17:01:40,-07:00,2025-10-31T17:01:40-07:00,5,0
projects/projects.js,86,js,1269c770,Jack Kalsched,2025-10-31,16:47:03,-07:00,2025-10-31T16:47:03-07:00,5,37
projects/projects.js,87,js,26d2d728,Jack Kalsched,2025-10-31,16:41:26,-07:00,2025-10-31T16:41:26-07:00,5,48
projects/projects.js,88,js,26d2d728,Jack Kalsched,2025-10-31,16:41:26,-07:00,2025-10-31T16:41:26-07:00,4,1
projects/projects.js,89,js,26d2d728,Jack Kalsched,2025-10-31,16:41:26,-07:00,2025-10-31T16:41:26-07:00,0,0
projects/projects.js,90,js,e20e532f,Jack Kalsched,2025-10-31,17:01:40,-07:00,2025-10-31T17:01:40-07:00,3,0
projects/projects.js,91,js,e4b6b98e,Jack Kalsched,2025-10-31,16:35:10,-07:00,2025-10-31T16:35:10-07:00,3,4
projects/projects.js,92,js,e4b6b98e,Jack Kalsched,2025-10-31,16:35:10,-07:00,2025-10-31T16:35:10-07:00,4,14
projects/projects.js,93,js,e4b6b98e,Jack Kalsched,2025-10-31,16:35:10,-07:00,2025-10-31T16:35:10-07:00,4,9
projects/projects.js,94,js,e4b6b98e,Jack Kalsched,2025-10-31,16:35:10,-07:00,2025-10-31T16:35:10-07:00,4,9
projects/projects.js,95,js,1269c770,Jack Kalsched,2025-10-31,16:47:03,-07:00,2025-10-31T16:47:03-07:00,4,22
projects/projects.js,96,js,1269c770,Jack Kalsched,2025-10-31,16:47:03,-07:00,2025-10-31T16:47:03-07:00,5,58
projects/projects.js,97,js,1269c770,Jack Kalsched,2025-10-31,16:47:03,-07:00,2025-10-31T16:47:03-07:00,4,0
projects/projects.js,98,js,e4b6b98e,Jack Kalsched,2025-10-31,16:35:10,-07:00,2025-10-31T16:35:10-07:00,4,46
projects/projects.js,99,js,e4b6b98e,Jack Kalsched,2025-10-31,16:35:10,-07:00,2025-10-31T16:35:10-07:00,4,4
projects/projects.js,100,js,e4b6b98e,Jack Kalsched,2025-10-31,16:35:10,-07:00,2025-10-31T16:35:10-07:00,5,68
projects/projects.js,101,js,26d2d728,Jack Kalsched,2025-10-31,16:41:26,-07:00,2025-10-31T16:41:26-07:00,4,0
projects/projects.js,102,js,1269c770,Jack Kalsched,2025-10-31,16:47:03,-07:00,2025-10-31T16:47:03-07:00,4,22
projects/projects.js,103,js,26d2d728,Jack Kalsched,2025-10-31,16:41:26,-07:00,2025-10-31T16:41:26-07:00,5,26
projects/projects.js,104,js,26d2d728,Jack Kalsched,2025-10-31,16:41:26,-07:00,2025-10-31T16:41:26-07:00,5,47
projects/projects.js,105,js,26d2d728,Jack Kalsched,2025-10-31,16:41:26,-07:00,2025-10-31T16:41:26-07:00,0,0
projects/projects.js,106,js,26d2d728,Jack Kalsched,2025-10-31,16:41:26,-07:00,2025-10-31T16:41:26-07:00,5,43
projects/projects.js,107,js,26d2d728,Jack Kalsched,2025-10-31,16:41:26,-07:00,2025-10-31T16:41:26-07:00,6,37
projects/projects.js,108,js,26d2d728,Jack Kalsched,2025-10-31,16:41:26,-07:00,2025-10-31T16:41:26-07:00,5,0
projects/projects.js,109,js,26d2d728,Jack Kalsched,2025-10-31,16:41:26,-07:00,2025-10-31T16:41:26-07:00,5,44
projects/projects.js,110,js,26d2d728,Jack Kalsched,2025-10-31,16:41:26,-07:00,2025-10-31T16:41:26-07:00,6,58
projects/projects.js,111,js,26d2d728,Jack Kalsched,2025-10-31,16:41:26,-07:00,2025-10-31T16:41:26-07:00,5,0
projects/projects.js,112,js,26d2d728,Jack Kalsched,2025-10-31,16:41:26,-07:00,2025-10-31T16:41:26-07:00,0,0
projects/projects.js,113,js,1269c770,Jack Kalsched,2025-10-31,16:47:03,-07:00,2025-10-31T16:47:03-07:00,5,37
projects/projects.js,114,js,26d2d728,Jack Kalsched,2025-10-31,16:41:26,-07:00,2025-10-31T16:41:26-07:00,5,48
projects/projects.js,115,js,26d2d728,Jack Kalsched,2025-10-31,16:41:26,-07:00,2025-10-31T16:41:26-07:00,4,1
projects/projects.js,116,js,e4b6b98e,Jack Kalsched,2025-10-31,16:35:10,-07:00,2025-10-31T16:35:10-07:00,2,0
projects/projects.js,117,js,e4b6b98e,Jack Kalsched,2025-10-31,16:35:10,-07:00,2025-10-31T16:35:10-07:00,0,0
projects/projects.js,118,js,e20e532f,Jack Kalsched,2025-10-31,17:01:40,-07:00,2025-10-31T17:01:40-07:00,2,0
projects/projects.js,119,js,e4b6b98e,Jack Kalsched,2025-10-31,16:35:10,-07:00,2025-10-31T16:35:10-07:00,2,23
projects/projects.js,120,js,e4b6b98e,Jack Kalsched,2025-10-31,16:35:10,-07:00,2025-10-31T16:35:10-07:00,0,0
projects/projects.js,121,js,e20e532f,Jack Kalsched,2025-10-31,17:01:40,-07:00,2025-10-31T17:01:40-07:00,2,0
projects/projects.js,122,js,e4b6b98e,Jack Kalsched,2025-10-31,16:35:10,-07:00,2025-10-31T16:35:10-07:00,2,48
projects/projects.js,123,js,1269c770,Jack Kalsched,2025-10-31,16:47:03,-07:00,2025-10-31T16:47:03-07:00,3,39
projects/projects.js,124,js,1269c770,Jack Kalsched,2025-10-31,16:47:03,-07:00,2025-10-31T16:47:03-07:00,0,0
projects/projects.js,125,js,e20e532f,Jack Kalsched,2025-10-31,17:01:40,-07:00,2025-10-31T17:01:40-07:00,3,0
projects/projects.js,126,js,1269c770,Jack Kalsched,2025-10-31,16:47:03,-07:00,2025-10-31T16:47:03-07:00,3,45
projects/projects.js,127,js,e4b6b98e,Jack Kalsched,2025-10-31,16:35:10,-07:00,2025-10-31T16:35:10-07:00,0,0
projects/projects.js,128,js,e4b6b98e,Jack Kalsched,2025-10-31,16:35:10,-07:00,2025-10-31T16:35:10-07:00,3,56
projects/projects.js,129,js,e4b6b98e,Jack Kalsched,2025-10-31,16:35:10,-07:00,2025-10-31T16:35:10-07:00,3,31
projects/projects.js,130,js,e4b6b98e,Jack Kalsched,2025-10-31,16:35:10,-07:00,2025-10-31T16:35:10-07:00,2,1
projects/projects.js,131,js,96f49913,Jack Kalsched,2025-10-31,11:38:05,-07:00,2025-10-31T11:38:05-07:00,1,13
projects/projects.js,132,js,96f49913,Jack Kalsched,2025-10-31,11:38:05,-07:00,2025-10-31T11:38:05-07:00,2,54
projects/projects.js,133,js,96f49913,Jack Kalsched,2025-10-31,11:38:05,-07:00,2025-10-31T11:38:05-07:00,1,0
projects/projects.js,134,js,75dff8f5,Jack Kalsched,2025-10-31,15:27:01,-07:00,2025-10-31T15:27:01-07:00,0,1
projects/index.html,1,html,12e8fb7c,Jack Kalsched,2025-10-01,18:55:51,-07:00,2025-10-01T18:55:51-07:00,0,13
projects/index.html,2,html,1a49fb8d,Jack Kalsched,2025-10-09,21:42:41,-07:00,2025-10-09T21:42:41-07:00,0,92
projects/index.html,3,html,12e8fb7c,Jack Kalsched,2025-10-01,18:55:51,-07:00,2025-10-01T18:55:51-07:00,0,4
projects/index.html,4,html,09fa681d,Jack Kalsched,2025-10-25,20:35:11,-07:00,2025-10-25T20:35:11-07:00,1,22
projects/index.html,5,html,09fa681d,Jack Kalsched,2025-10-25,20:35:11,-07:00,2025-10-25T20:35:11-07:00,1,70
projects/index.html,6,html,09fa681d,Jack Kalsched,2025-10-25,20:35:11,-07:00,2025-10-25T20:35:11-07:00,1,37
projects/index.html,7,html,1a49fb8d,Jack Kalsched,2025-10-09,21:42:41,-07:00,2025-10-09T21:42:41-07:00,0,0
projects/index.html,8,html,09fa681d,Jack Kalsched,2025-10-25,20:35:11,-07:00,2025-10-25T20:35:11-07:00,1,43
projects/index.html,9,html,26d2d728,Jack Kalsched,2025-10-31,16:41:26,-07:00,2025-10-31T16:41:26-07:00,1,53
projects/index.html,10,html,1a49fb8d,Jack Kalsched,2025-10-09,21:42:41,-07:00,2025-10-09T21:42:41-07:00,0,0
projects/index.html,11,html,09fa681d,Jack Kalsched,2025-10-25,20:35:11,-07:00,2025-10-25T20:35:11-07:00,1,5
projects/index.html,12,html,09fa681d,Jack Kalsched,2025-10-25,20:35:11,-07:00,2025-10-25T20:35:11-07:00,2,4
projects/index.html,13,html,09fa681d,Jack Kalsched,2025-10-25,20:35:11,-07:00,2025-10-25T20:35:11-07:00,3,15
projects/index.html,14,html,09fa681d,Jack Kalsched,2025-10-25,20:35:11,-07:00,2025-10-25T20:35:11-07:00,3,12
projects/index.html,15,html,09fa681d,Jack Kalsched,2025-10-25,20:35:11,-07:00,2025-10-25T20:35:11-07:00,3,18
projects/index.html,16,html,09fa681d,Jack Kalsched,2025-10-25,20:35:11,-07:00,2025-10-25T20:35:11-07:00,2,0
projects/index.html,17,html,1a49fb8d,Jack Kalsched,2025-10-09,21:42:41,-07:00,2025-10-09T21:42:41-07:00,0,0
projects/index.html,18,html,09fa681d,Jack Kalsched,2025-10-25,20:35:11,-07:00,2025-10-25T20:35:11-07:00,2,2
projects/index.html,19,html,09fa681d,Jack Kalsched,2025-10-25,20:35:11,-07:00,2025-10-25T20:35:11-07:00,3,16
projects/index.html,20,html,09fa681d,Jack Kalsched,2025-10-25,20:35:11,-07:00,2025-10-25T20:35:11-07:00,3,18
projects/index.html,21,html,09fa681d,Jack Kalsched,2025-10-25,20:35:11,-07:00,2025-10-25T20:35:11-07:00,2,0
projects/index.html,22,html,1a49fb8d,Jack Kalsched,2025-10-09,21:42:41,-07:00,2025-10-09T21:42:41-07:00,0,0
projects/index.html,23,html,ba1e4725,Jack Kalsched,2025-10-31,15:31:14,-07:00,2025-10-31T15:31:14-07:00,2,10
projects/index.html,24,html,ba1e4725,Jack Kalsched,2025-10-31,15:31:14,-07:00,2025-10-31T15:31:14-07:00,3,12
projects/index.html,25,html,11a0c885,Jack Kalsched,2025-10-31,17:00:13,-07:00,2025-10-31T17:00:13-07:00,3,16
projects/index.html,26,html,ba1e4725,Jack Kalsched,2025-10-31,15:31:14,-07:00,2025-10-31T15:31:14-07:00,3,18
projects/index.html,27,html,26d2d728,Jack Kalsched,2025-10-31,16:41:26,-07:00,2025-10-31T16:41:26-07:00,3,22
projects/index.html,28,html,ba1e4725,Jack Kalsched,2025-10-31,15:31:14,-07:00,2025-10-31T15:31:14-07:00,3,7
projects/index.html,29,html,26d2d728,Jack Kalsched,2025-10-31,16:41:26,-07:00,2025-10-31T16:41:26-07:00,3,17
projects/index.html,30,html,09fa681d,Jack Kalsched,2025-10-25,20:35:11,-07:00,2025-10-25T20:35:11-07:00,2,0
projects/index.html,31,html,e7e59854,Jack Kalsched,2025-10-31,10:32:39,-07:00,2025-10-31T10:32:39-07:00,0,0
projects/index.html,32,html,e7e59854,Jack Kalsched,2025-10-31,10:32:39,-07:00,2025-10-31T10:32:39-07:00,2,18
projects/index.html,33,html,e7e59854,Jack Kalsched,2025-10-31,10:32:39,-07:00,2025-10-31T10:32:39-07:00,3,14
projects/index.html,34,html,e7e59854,Jack Kalsched,2025-10-31,10:32:39,-07:00,2025-10-31T10:32:39-07:00,3,16
projects/index.html,35,html,26d2d728,Jack Kalsched,2025-10-31,16:41:26,-07:00,2025-10-31T16:41:26-07:00,3,13
projects/index.html,36,html,e7e59854,Jack Kalsched,2025-10-31,10:32:39,-07:00,2025-10-31T10:32:39-07:00,2,0
projects/index.html,37,html,d67e7727,Jack Kalsched,2025-10-31,11:24:38,-07:00,2025-10-31T11:24:38-07:00,0,0
projects/index.html,38,html,d67e7727,Jack Kalsched,2025-10-31,11:24:38,-07:00,2025-10-31T11:24:38-07:00,2,7
projects/index.html,39,html,ba1e4725,Jack Kalsched,2025-10-31,15:31:14,-07:00,2025-10-31T15:31:14-07:00,3,15
projects/index.html,40,html,ba1e4725,Jack Kalsched,2025-10-31,15:31:14,-07:00,2025-10-31T15:31:14-07:00,3,11
projects/index.html,41,html,ba1e4725,Jack Kalsched,2025-10-31,15:31:14,-07:00,2025-10-31T15:31:14-07:00,3,8
projects/index.html,42,html,26d2d728,Jack Kalsched,2025-10-31,16:41:26,-07:00,2025-10-31T16:41:26-07:00,3,34
projects/index.html,43,html,ba1e4725,Jack Kalsched,2025-10-31,15:31:14,-07:00,2025-10-31T15:31:14-07:00,3,19
projects/index.html,44,html,26d2d728,Jack Kalsched,2025-10-31,16:41:26,-07:00,2025-10-31T16:41:26-07:00,3,12
projects/index.html,45,html,26d2d728,Jack Kalsched,2025-10-31,16:41:26,-07:00,2025-10-31T16:41:26-07:00,3,9
projects/index.html,46,html,26d2d728,Jack Kalsched,2025-10-31,16:41:26,-07:00,2025-10-31T16:41:26-07:00,3,57
projects/index.html,47,html,d67e7727,Jack Kalsched,2025-10-31,11:24:38,-07:00,2025-10-31T11:24:38-07:00,2,0
projects/index.html,48,html,d67e7727,Jack Kalsched,2025-10-31,11:24:38,-07:00,2025-10-31T11:24:38-07:00,0,0
projects/index.html,49,html,ba1e4725,Jack Kalsched,2025-10-31,15:31:14,-07:00,2025-10-31T15:31:14-07:00,2,12
projects/index.html,50,html,26d2d728,Jack Kalsched,2025-10-31,16:41:26,-07:00,2025-10-31T16:41:26-07:00,3,12
projects/index.html,51,html,d67e7727,Jack Kalsched,2025-10-31,11:24:38,-07:00,2025-10-31T11:24:38-07:00,3,18
projects/index.html,52,html,26d2d728,Jack Kalsched,2025-10-31,16:41:26,-07:00,2025-10-31T16:41:26-07:00,3,9
projects/index.html,53,html,26d2d728,Jack Kalsched,2025-10-31,16:41:26,-07:00,2025-10-31T16:41:26-07:00,3,16
projects/index.html,54,html,26d2d728,Jack Kalsched,2025-10-31,16:41:26,-07:00,2025-10-31T16:41:26-07:00,3,14
projects/index.html,55,html,d67e7727,Jack Kalsched,2025-10-31,11:24:38,-07:00,2025-10-31T11:24:38-07:00,2,0
projects/index.html,56,html,d67e7727,Jack Kalsched,2025-10-31,11:24:38,-07:00,2025-10-31T11:24:38-07:00,0,0
projects/index.html,57,html,d67e7727,Jack Kalsched,2025-10-31,11:24:38,-07:00,2025-10-31T11:24:38-07:00,2,15
projects/index.html,58,html,d67e7727,Jack Kalsched,2025-10-31,11:24:38,-07:00,2025-10-31T11:24:38-07:00,3,9
projects/index.html,59,html,26d2d728,Jack Kalsched,2025-10-31,16:41:26,-07:00,2025-10-31T16:41:26-07:00,3,10
projects/index.html,60,html,26d2d728,Jack Kalsched,2025-10-31,16:41:26,-07:00,2025-10-31T16:41:26-07:00,3,20
projects/index.html,61,html,26d2d728,Jack Kalsched,2025-10-31,16:41:26,-07:00,2025-10-31T16:41:26-07:00,3,29
projects/index.html,62,html,26d2d728,Jack Kalsched,2025-10-31,16:41:26,-07:00,2025-10-31T16:41:26-07:00,3,20
projects/index.html,63,html,26d2d728,Jack Kalsched,2025-10-31,16:41:26,-07:00,2025-10-31T16:41:26-07:00,2,0
projects/index.html,64,html,26d2d728,Jack Kalsched,2025-10-31,16:41:26,-07:00,2025-10-31T16:41:26-07:00,0,0
projects/index.html,65,html,e20e532f,Jack Kalsched,2025-10-31,17:01:40,-07:00,2025-10-31T17:01:40-07:00,0,0
projects/index.html,66,html,26d2d728,Jack Kalsched,2025-10-31,16:41:26,-07:00,2025-10-31T16:41:26-07:00,2,36
projects/index.html,67,html,26d2d728,Jack Kalsched,2025-10-31,16:41:26,-07:00,2025-10-31T16:41:26-07:00,3,11
projects/index.html,68,html,26d2d728,Jack Kalsched,2025-10-31,16:41:26,-07:00,2025-10-31T16:41:26-07:00,2,0
projects/index.html,69,html,26d2d728,Jack Kalsched,2025-10-31,16:41:26,-07:00,2025-10-31T16:41:26-07:00,0,0
projects/index.html,70,html,26d2d728,Jack Kalsched,2025-10-31,16:41:26,-07:00,2025-10-31T16:41:26-07:00,2,4
projects/index.html,71,html,26d2d728,Jack Kalsched,2025-10-31,16:41:26,-07:00,2025-10-31T16:41:26-07:00,3,16
projects/index.html,72,html,e20e532f,Jack Kalsched,2025-10-31,17:01:40,-07:00,2025-10-31T17:01:40-07:00,3,14
projects/index.html,73,html,26d2d728,Jack Kalsched,2025-10-31,16:41:26,-07:00,2025-10-31T16:41:26-07:00,2,0
projects/index.html,74,html,26d2d728,Jack Kalsched,2025-10-31,16:41:26,-07:00,2025-10-31T16:41:26-07:00,0,0
projects/index.html,75,html,26d2d728,Jack Kalsched,2025-10-31,16:41:26,-07:00,2025-10-31T16:41:26-07:00,2,9
projects/index.html,76,html,26d2d728,Jack Kalsched,2025-10-31,16:41:26,-07:00,2025-10-31T16:41:26-07:00,3,35
projects/index.html,77,html,26d2d728,Jack Kalsched,2025-10-31,16:41:26,-07:00,2025-10-31T16:41:26-07:00,2,0
projects/index.html,78,html,26d2d728,Jack Kalsched,2025-10-31,16:41:26,-07:00,2025-10-31T16:41:26-07:00,0,0
projects/index.html,79,html,26d2d728,Jack Kalsched,2025-10-31,16:41:26,-07:00,2025-10-31T16:41:26-07:00,2,13
projects/index.html,80,html,26d2d728,Jack Kalsched,2025-10-31,16:41:26,-07:00,2025-10-31T16:41:26-07:00,3,17
projects/index.html,81,html,26d2d728,Jack Kalsched,2025-10-31,16:41:26,-07:00,2025-10-31T16:41:26-07:00,2,0
projects/index.html,82,html,26d2d728,Jack Kalsched,2025-10-31,16:41:26,-07:00,2025-10-31T16:41:26-07:00,2,19
projects/index.html,83,html,d67e7727,Jack Kalsched,2025-10-31,11:24:38,-07:00,2025-10-31T11:24:38-07:00,3,29
projects/index.html,84,html,26d2d728,Jack Kalsched,2025-10-31,16:41:26,-07:00,2025-10-31T16:41:26-07:00,2,0
projects/index.html,85,html,26d2d728,Jack Kalsched,2025-10-31,16:41:26,-07:00,2025-10-31T16:41:26-07:00,0,0
projects/index.html,86,html,26d2d728,Jack Kalsched,2025-10-31,16:41:26,-07:00,2025-10-31T16:41:26-07:00,2,10
projects/index.html,87,html,26d2d728,Jack Kalsched,2025-10-31,16:41:26,-07:00,2025-10-31T16:41:26-07:00,3,13
projects/index.html,88,html,26d2d728,Jack Kalsched,2025-10-31,16:41:26,-07:00,2025-10-31T16:41:26-07:00,3,19
projects/index.html,89,html,26d2d728,Jack Kalsched,2025-10-31,16:41:26,-07:00,2025-10-31T16:41:26-07:00,3,17
projects/index.html,90,html,26d2d728,Jack Kalsched,2025-10-31,16:41:26,-07:00,2025-10-31T16:41:26-07:00,3,14
projects/index.html,91,html,26d2d728,Jack Kalsched,2025-10-31,16:41:26,-07:00,2025-10-31T16:41:26-07:00,3,10
projects/index.html,92,html,26d2d728,Jack Kalsched,2025-10-31,16:41:26,-07:00,2025-10-31T16:41:26-07:00,3,14
projects/index.html,93,html,26d2d728,Jack Kalsched,2025-10-31,16:41:26,-07:00,2025-10-31T16:41:26-07:00,3,19
projects/index.html,94,html,26d2d728,Jack Kalsched,2025-10-31,16:41:26,-07:00,2025-10-31T16:41:26-07:00,3,34
projects/index.html,95,html,26d2d728,Jack Kalsched,2025-10-31,16:41:26,-07:00,2025-10-31T16:41:26-07:00,3,21
projects/index.html,96,html,d67e7727,Jack Kalsched,2025-10-31,11:24:38,-07:00,2025-10-31T11:24:38-07:00,2,0
projects/index.html,97,html,09fa681d,Jack Kalsched,2025-10-25,20:35:11,-07:00,2025-10-25T20:35:11-07:00,1,6
projects/index.html,98,html,09fa681d,Jack Kalsched,2025-10-25,20:35:11,-07:00,2025-10-25T20:35:11-07:00,0,5
projects/index.html,99,html,1a49fb8d,Jack Kalsched,2025-10-09,21:42:41,-07:00,2025-10-09T21:42:41-07:00,0,0
projects/index.html,100,html,09fa681d,Jack Kalsched,2025-10-25,20:35:11,-07:00,2025-10-25T20:35:11-07:00,0,4
projects/index.html,101,html,09fa681d,Jack Kalsched,2025-10-25,20:35:11,-07:00,2025-10-25T20:35:11-07:00,1,38
projects/index.html,102,html,d67e7727,Jack Kalsched,2025-10-31,11:24:38,-07:00,2025-10-31T11:24:38-07:00,1,42
projects/index.html,103,html,1a49fb8d,Jack Kalsched,2025-10-09,21:42:41,-07:00,2025-10-09T21:42:41-07:00,0,0
projects/index.html,104,html,ba1e4725,Jack Kalsched,2025-10-31,15:31:14,-07:00,2025-10-31T15:31:14-07:00,1,21
projects/index.html,105,html,ba1e4725,Jack Kalsched,2025-10-31,15:31:14,-07:00,2025-10-31T15:31:14-07:00,2,58
projects/index.html,106,html,ba1e4725,Jack Kalsched,2025-10-31,15:31:14,-07:00,2025-10-31T15:31:14-07:00,2,22
projects/index.html,107,html,ba1e4725,Jack Kalsched,2025-10-31,15:31:14,-07:00,2025-10-31T15:31:14-07:00,1,4
projects/index.html,108,html,68ea9c01,Jack Kalsched,2025-10-31,10:49:43,-07:00,2025-10-31T10:49:43-07:00,0,0
projects/index.html,109,html,4943ef0e,Jack Kalsched,2025-10-31,16:01:07,-07:00,2025-10-31T16:01:07-07:00,1,4
projects/index.html,110,html,4943ef0e,Jack Kalsched,2025-10-31,16:01:07,-07:00,2025-10-31T16:01:07-07:00,2,15
projects/index.html,111,html,4943ef0e,Jack Kalsched,2025-10-31,16:01:07,-07:00,2025-10-31T16:01:07-07:00,2,11
projects/index.html,112,html,4943ef0e,Jack Kalsched,2025-10-31,16:01:07,-07:00,2025-10-31T16:01:07-07:00,2,26
projects/index.html,113,html,4943ef0e,Jack Kalsched,2025-10-31,16:01:07,-07:00,2025-10-31T16:01:07-07:00,2,31
projects/index.html,114,html,4943ef0e,Jack Kalsched,2025-10-31,16:01:07,-07:00,2025-10-31T16:01:07-07:00,1,0
projects/index.html,115,html,4943ef0e,Jack Kalsched,2025-10-31,16:01:07,-07:00,2025-10-31T16:01:07-07:00,0,0
projects/index.html,116,html,d67e7727,Jack Kalsched,2025-10-31,11:24:38,-07:00,2025-10-31T11:24:38-07:00,1,26
projects/index.html,117,html,12e8fb7c,Jack Kalsched,2025-10-01,18:55:51,-07:00,2025-10-01T18:55:51-07:00,0,5
projects/index.html,118,html,1a49fb8d,Jack Kalsched,2025-10-09,21:42:41,-07:00,2025-10-09T21:42:41-07:00,0,5
contact/index.html,1,html,12e8fb7c,Jack Kalsched,2025-10-01,18:55:51,-07:00,2025-10-01T18:55:51-07:00,0,13
contact/index.html,2,html,1a49fb8d,Jack Kalsched,2025-10-09,21:42:41,-07:00,2025-10-09T21:42:41-07:00,0,92
contact/index.html,3,html,1a49fb8d,Jack Kalsched,2025-10-09,21:42:41,-07:00,2025-10-09T21:42:41-07:00,0,0
contact/index.html,4,html,12e8fb7c,Jack Kalsched,2025-10-01,18:55:51,-07:00,2025-10-01T18:55:51-07:00,0,4
contact/index.html,5,html,1a49fb8d,Jack Kalsched,2025-10-09,21:42:41,-07:00,2025-10-09T21:42:41-07:00,1,20
contact/index.html,6,html,1a49fb8d,Jack Kalsched,2025-10-09,21:42:41,-07:00,2025-10-09T21:42:41-07:00,1,68
contact/index.html,7,html,1a49fb8d,Jack Kalsched,2025-10-09,21:42:41,-07:00,2025-10-09T21:42:41-07:00,1,20
contact/index.html,8,html,48e2d00c,Jack Kalsched,2025-10-18,21:38:56,-07:00,2025-10-18T21:38:56-07:00,1,41
contact/index.html,9,html,48e2d00c,Jack Kalsched,2025-10-18,21:38:56,-07:00,2025-10-18T21:38:56-07:00,1,48
contact/index.html,10,html,1a49fb8d,Jack Kalsched,2025-10-09,21:42:41,-07:00,2025-10-09T21:42:41-07:00,1,5
contact/index.html,11,html,1a49fb8d,Jack Kalsched,2025-10-09,21:42:41,-07:00,2025-10-09T21:42:41-07:00,2,5
contact/index.html,12,html,1a49fb8d,Jack Kalsched,2025-10-09,21:42:41,-07:00,2025-10-09T21:42:41-07:00,3,32
contact/index.html,13,html,1a49fb8d,Jack Kalsched,2025-10-09,21:42:41,-07:00,2025-10-09T21:42:41-07:00,2,0
contact/index.html,14,html,1a49fb8d,Jack Kalsched,2025-10-09,21:42:41,-07:00,2025-10-09T21:42:41-07:00,2,4
contact/index.html,15,html,1a49fb8d,Jack Kalsched,2025-10-09,21:42:41,-07:00,2025-10-09T21:42:41-07:00,3,15
contact/index.html,16,html,1a49fb8d,Jack Kalsched,2025-10-09,21:42:41,-07:00,2025-10-09T21:42:41-07:00,3,12
contact/index.html,17,html,1a49fb8d,Jack Kalsched,2025-10-09,21:42:41,-07:00,2025-10-09T21:42:41-07:00,3,18
contact/index.html,18,html,1a49fb8d,Jack Kalsched,2025-10-09,21:42:41,-07:00,2025-10-09T21:42:41-07:00,2,0
contact/index.html,19,html,1a49fb8d,Jack Kalsched,2025-10-09,21:42:41,-07:00,2025-10-09T21:42:41-07:00,0,0
contact/index.html,20,html,1a49fb8d,Jack Kalsched,2025-10-09,21:42:41,-07:00,2025-10-09T21:42:41-07:00,2,2
contact/index.html,21,html,1a49fb8d,Jack Kalsched,2025-10-09,21:42:41,-07:00,2025-10-09T21:42:41-07:00,3,14
contact/index.html,22,html,1a49fb8d,Jack Kalsched,2025-10-09,21:42:41,-07:00,2025-10-09T21:42:41-07:00,2,0
contact/index.html,23,html,1a49fb8d,Jack Kalsched,2025-10-09,21:42:41,-07:00,2025-10-09T21:42:41-07:00,0,0
contact/index.html,24,html,1a49fb8d,Jack Kalsched,2025-10-09,21:42:41,-07:00,2025-10-09T21:42:41-07:00,2,22
contact/index.html,25,html,1a49fb8d,Jack Kalsched,2025-10-09,21:42:41,-07:00,2025-10-09T21:42:41-07:00,3,15
contact/index.html,26,html,1a49fb8d,Jack Kalsched,2025-10-09,21:42:41,-07:00,2025-10-09T21:42:41-07:00,3,17
contact/index.html,27,html,1a49fb8d,Jack Kalsched,2025-10-09,21:42:41,-07:00,2025-10-09T21:42:41-07:00,2,0
contact/index.html,28,html,1a49fb8d,Jack Kalsched,2025-10-09,21:42:41,-07:00,2025-10-09T21:42:41-07:00,2,4
contact/index.html,29,html,1a49fb8d,Jack Kalsched,2025-10-09,21:42:41,-07:00,2025-10-09T21:42:41-07:00,3,12
contact/index.html,30,html,1a49fb8d,Jack Kalsched,2025-10-09,21:42:41,-07:00,2025-10-09T21:42:41-07:00,3,30
contact/index.html,31,html,1a49fb8d,Jack Kalsched,2025-10-09,21:42:41,-07:00,2025-10-09T21:42:41-07:00,3,7
contact/index.html,32,html,1a49fb8d,Jack Kalsched,2025-10-09,21:42:41,-07:00,2025-10-09T21:42:41-07:00,3,10
contact/index.html,33,html,1a49fb8d,Jack Kalsched,2025-10-09,21:42:41,-07:00,2025-10-09T21:42:41-07:00,3,21
contact/index.html,34,html,1a49fb8d,Jack Kalsched,2025-10-09,21:42:41,-07:00,2025-10-09T21:42:41-07:00,2,0
contact/index.html,35,html,1a49fb8d,Jack Kalsched,2025-10-09,21:42:41,-07:00,2025-10-09T21:42:41-07:00,0,0
contact/index.html,36,html,1a49fb8d,Jack Kalsched,2025-10-09,21:42:41,-07:00,2025-10-09T21:42:41-07:00,2,5
contact/index.html,37,html,1a49fb8d,Jack Kalsched,2025-10-09,21:42:41,-07:00,2025-10-09T21:42:41-07:00,3,16
contact/index.html,38,html,1a49fb8d,Jack Kalsched,2025-10-09,21:42:41,-07:00,2025-10-09T21:42:41-07:00,2,0
contact/index.html,39,html,1a49fb8d,Jack Kalsched,2025-10-09,21:42:41,-07:00,2025-10-09T21:42:41-07:00,0,0
contact/index.html,40,html,1a49fb8d,Jack Kalsched,2025-10-09,21:42:41,-07:00,2025-10-09T21:42:41-07:00,2,4
contact/index.html,41,html,1a49fb8d,Jack Kalsched,2025-10-09,21:42:41,-07:00,2025-10-09T21:42:41-07:00,2,8
contact/index.html,42,html,1a49fb8d,Jack Kalsched,2025-10-09,21:42:41,-07:00,2025-10-09T21:42:41-07:00,3,10
contact/index.html,43,html,1a49fb8d,Jack Kalsched,2025-10-09,21:42:41,-07:00,2025-10-09T21:42:41-07:00,3,21
contact/index.html,44,html,1a49fb8d,Jack Kalsched,2025-10-09,21:42:41,-07:00,2025-10-09T21:42:41-07:00,3,12
contact/index.html,45,html,1a49fb8d,Jack Kalsched,2025-10-09,21:42:41,-07:00,2025-10-09T21:42:41-07:00,2,0
contact/index.html,46,html,1a49fb8d,Jack Kalsched,2025-10-09,21:42:41,-07:00,2025-10-09T21:42:41-07:00,0,0
contact/index.html,47,html,1a49fb8d,Jack Kalsched,2025-10-09,21:42:41,-07:00,2025-10-09T21:42:41-07:00,2,8
contact/index.html,48,html,1a49fb8d,Jack Kalsched,2025-10-09,21:42:41,-07:00,2025-10-09T21:42:41-07:00,3,15
contact/index.html,49,html,1a49fb8d,Jack Kalsched,2025-10-09,21:42:41,-07:00,2025-10-09T21:42:41-07:00,2,0
contact/index.html,50,html,1a49fb8d,Jack Kalsched,2025-10-09,21:42:41,-07:00,2025-10-09T21:42:41-07:00,0,0
contact/index.html,51,html,1a49fb8d,Jack Kalsched,2025-10-09,21:42:41,-07:00,2025-10-09T21:42:41-07:00,2,6
contact/index.html,52,html,1a49fb8d,Jack Kalsched,2025-10-09,21:42:41,-07:00,2025-10-09T21:42:41-07:00,3,18
contact/index.html,53,html,1a49fb8d,Jack Kalsched,2025-10-09,21:42:41,-07:00,2025-10-09T21:42:41-07:00,3,18
contact/index.html,54,html,1a49fb8d,Jack Kalsched,2025-10-09,21:42:41,-07:00,2025-10-09T21:42:41-07:00,3,10
contact/index.html,55,html,1a49fb8d,Jack Kalsched,2025-10-09,21:42:41,-07:00,2025-10-09T21:42:41-07:00,3,12
contact/index.html,56,html,1a49fb8d,Jack Kalsched,2025-10-09,21:42:41,-07:00,2025-10-09T21:42:41-07:00,3,14
contact/index.html,57,html,1a49fb8d,Jack Kalsched,2025-10-09,21:42:41,-07:00,2025-10-09T21:42:41-07:00,2,0
contact/index.html,58,html,1a49fb8d,Jack Kalsched,2025-10-09,21:42:41,-07:00,2025-10-09T21:42:41-07:00,1,6
contact/index.html,59,html,4219f59b,Jack Kalsched,2025-10-01,20:42:56,-07:00,2025-10-01T20:42:56-07:00,0,5
contact/index.html,60,html,1a49fb8d,Jack Kalsched,2025-10-09,21:42:41,-07:00,2025-10-09T21:42:41-07:00,0,0
contact/index.html,61,html,4219f59b,Jack Kalsched,2025-10-01,20:42:56,-07:00,2025-10-01T20:42:56-07:00,0,4
contact/index.html,62,html,1a49fb8d,Jack Kalsched,2025-10-09,21:42:41,-07:00,2025-10-09T21:42:41-07:00,1,21
contact/index.html,63,html,1a49fb8d,Jack Kalsched,2025-10-09,21:42:41,-07:00,2025-10-09T21:42:41-07:00,0,0
contact/index.html,64,html,1a49fb8d,Jack Kalsched,2025-10-09,21:42:41,-07:00,2025-10-09T21:42:41-07:00,1,78
contact/index.html,65,html,1a49fb8d,Jack Kalsched,2025-10-09,21:42:41,-07:00,2025-10-09T21:42:41-07:00,2,16
contact/index.html,66,html,1a49fb8d,Jack Kalsched,2025-10-09,21:42:41,-07:00,2025-10-09T21:42:41-07:00,3,17
contact/index.html,67,html,1a49fb8d,Jack Kalsched,2025-10-09,21:42:41,-07:00,2025-10-09T21:42:41-07:00,3,41
contact/index.html,68,html,1a49fb8d,Jack Kalsched,2025-10-09,21:42:41,-07:00,2025-10-09T21:42:41-07:00,2,6
contact/index.html,69,html,1a49fb8d,Jack Kalsched,2025-10-09,21:42:41,-07:00,2025-10-09T21:42:41-07:00,0,0
contact/index.html,70,html,1a49fb8d,Jack Kalsched,2025-10-09,21:42:41,-07:00,2025-10-09T21:42:41-07:00,2,17
contact/index.html,71,html,1a49fb8d,Jack Kalsched,2025-10-09,21:42:41,-07:00,2025-10-09T21:42:41-07:00,3,19
contact/index.html,72,html,1a49fb8d,Jack Kalsched,2025-10-09,21:42:41,-07:00,2025-10-09T21:42:41-07:00,3,44
contact/index.html,73,html,1a49fb8d,Jack Kalsched,2025-10-09,21:42:41,-07:00,2025-10-09T21:42:41-07:00,2,6
contact/index.html,74,html,1a49fb8d,Jack Kalsched,2025-10-09,21:42:41,-07:00,2025-10-09T21:42:41-07:00,0,0
contact/index.html,75,html,1a49fb8d,Jack Kalsched,2025-10-09,21:42:41,-07:00,2025-10-09T21:42:41-07:00,2,19
contact/index.html,76,html,1a49fb8d,Jack Kalsched,2025-10-09,21:42:41,-07:00,2025-10-09T21:42:41-07:00,3,19
contact/index.html,77,html,1a49fb8d,Jack Kalsched,2025-10-09,21:42:41,-07:00,2025-10-09T21:42:41-07:00,3,56
contact/index.html,78,html,1a49fb8d,Jack Kalsched,2025-10-09,21:42:41,-07:00,2025-10-09T21:42:41-07:00,2,6
contact/index.html,79,html,1a49fb8d,Jack Kalsched,2025-10-09,21:42:41,-07:00,2025-10-09T21:42:41-07:00,0,0
contact/index.html,80,html,1a49fb8d,Jack Kalsched,2025-10-09,21:42:41,-07:00,2025-10-09T21:42:41-07:00,2,33
contact/index.html,81,html,1a49fb8d,Jack Kalsched,2025-10-09,21:42:41,-07:00,2025-10-09T21:42:41-07:00,1,5
contact/index.html,82,html,48e2d00c,Jack Kalsched,2025-10-18,21:38:56,-07:00,2025-10-18T21:38:56-07:00,0,0
contact/index.html,83,html,12e8fb7c,Jack Kalsched,2025-10-01,18:55:51,-07:00,2025-10-01T18:55:51-07:00,0,5
contact/index.html,84,html,1a49fb8d,Jack Kalsched,2025-10-09,21:42:41,-07:00,2025-10-09T21:42:41-07:00,0,5
